address,title,url,price
蜀西路66号（中海国际购物公园对面）,北京城建龙樾熙城_成都北京城建龙樾熙城楼盘详情(成都链家新房),http://cd.fang.lianjia.com/loupan/p_bjcjlyxcaalsb/,9500元/平
金科北路地铁2号线站口20米（交警六分局旁）,东原亲亲里_成都东原亲亲里楼盘详情(成都链家新房),http://cd.fang.lianjia.com/loupan/p_dyqqlabbja/,32000元/平
团结镇学院街13号（四川传媒学院对面）,美乐广场_成都美乐广场楼盘详情(成都链家新房),http://cd.fang.lianjia.com/loupan/p_mygcabfkc/,55000元/平
聚荟街436号,华宇静苑二期_成都华宇静苑二期楼盘详情(成都链家新房),http://cd.fang.lianjia.com/loupan/p_hyjyeqyxabgna/,30000元/平
盛安街188号,中环岛_成都中环岛楼盘详情(成都链家新房),http://cd.fang.lianjia.com/loupan/p_zhdabfvw/,30000元/平
北三环路一段,华侨城创想中心_成都华侨城创想中心楼盘详情(成都链家新房),http://cd.fang.lianjia.com/loupan/p_hqccxzxabgmh/,60000元/平
光华大道东4路78号（万家湾公交站旁边）,东原时光道_成都东原时光道楼盘详情(成都链家新房),http://cd.fang.lianjia.com/loupan/p_dysgdabbij/,40000元/平
三河镇蜀龙路南段777号,佳乐国际城四期_成都佳乐国际城四期楼盘详情(成都链家新房),http://cd.fang.lianjia.com/loupan/p_jlgjcsqabikh/,7300元/平
西梨路一段（中铁奥维尔旁）,中冶中央公园_成都中冶中央公园楼盘详情(成都链家新房),http://cd.fang.lianjia.com/loupan/p_zyzygyabbkg/,27500元/平
雅和南四路216号,龙湖九里晴川_成都龙湖九里晴川楼盘详情(成都链家新房),http://cd.fang.lianjia.com/loupan/p_lhjlqcabcex/,20000元/平
天乡路86号,鹭湖宫八区_成都鹭湖宫八区楼盘详情(成都链家新房),http://cd.fang.lianjia.com/loupan/p_lhgaaygt/,360万/套
物流大道672号,传化国际新城_成都传化国际新城楼盘详情(成都链家新房),http://cd.fang.lianjia.com/loupan/p_chgjxcaafwo/,12000元/平
犀浦镇校园路东段188号(西3.5环),华邑阳光里_成都华邑阳光里楼盘详情(成都链家新房),http://cd.fang.lianjia.com/loupan/p_hyyglabgil/,30000元/平
成龙大道与银杏大道交汇处（三圣乡旁）,俊发星雅俊园_成都俊发星雅俊园楼盘详情(成都链家新房),http://cd.fang.lianjia.com/loupan/p_jfxyjyaadzi/,6800元/平
龙华大道256号,龙腾东麓城_成都龙腾东麓城楼盘详情(成都链家新房),http://cd.fang.lianjia.com/loupan/p_ltdlcaabdd/,别名/龙腾御锦湾
峨眉山路369号,佳年华广场一期_成都佳年华广场一期楼盘详情(成都链家新房),http://cd.fang.lianjia.com/loupan/p_jnhgcabbkr/,30000元/平
世纪大道与东兴路交汇处（唐人街牌坊沿世纪大道向南300米）,宏润达上城_成都宏润达上城楼盘详情(成都链家新房),http://cd.fang.lianjia.com/loupan/p_hrdscabbez/,4300元/平
石板滩镇新华街1号,锦华苑二期_成都锦华苑二期楼盘详情(成都链家新房),http://cd.fang.lianjia.com/loupan/p_jhyeqabazo/,4300元/平
阳光城阳光大道2号,成龙1号_成都成龙1号楼盘详情(成都链家新房),http://cd.fang.lianjia.com/loupan/p_cl1haaxeg/,600万/套
大学城学府路南段133号（近海科路）,地铁首座_成都地铁首座楼盘详情(成都链家新房),http://cd.fang.lianjia.com/loupan/p_dtszabgew/,24000元/平
大件路与黄河中路二段交汇处（川大江安校区学生东园旁）,蓝光圣菲悦城_成都蓝光圣菲悦城楼盘详情(成都链家新房),http://cd.fang.lianjia.com/loupan/p_lgsfycabgmc/,30000元/平
天府三街和康华路交汇处,蓝花楹_成都蓝花楹楼盘详情(成都链家新房),http://cd.fang.lianjia.com/loupan/p_lhyabeut/,别名/旭和蓝花楹花园
仁寿县满井镇兆嘉路口,中悦金塘湾_成都中悦金塘湾楼盘详情(成都链家新房),http://cd.fang.lianjia.com/loupan/p_zyjtwabjzj/,3700元/平
天府大道南段海昌南路99号,新鸿基悦城_成都新鸿基悦城楼盘详情(成都链家新房),http://cd.fang.lianjia.com/loupan/p_xhjycaavie/,410万/套
高新区天府三街855号（大源中央公园旁）,锦城南府猫先生_成都锦城南府猫先生楼盘详情(成都链家新房),http://cd.fang.lianjia.com/loupan/p_jcnfaaywr/,17650元/平
万象南路199号,中海九号公馆_成都中海九号公馆楼盘详情(成都链家新房),http://cd.fang.lianjia.com/loupan/p_zhjhggabfvg/,40000元/平
花都大道433号,五岳合福地广场_成都五岳合福地广场楼盘详情(成都链家新房),http://cd.fang.lianjia.com/loupan/p_fdgcabeya/,16000元/平
天府大道南段2618号,恒大天府半岛一期_成都恒大天府半岛一期楼盘详情(成都链家新房),http://cd.fang.lianjia.com/loupan/p_hdtfbdaatzy/,别名/河畔新世界
一环路北四段108号（一环以内）,银海中心_成都银海中心楼盘详情(成都链家新房),http://cd.fang.lianjia.com/loupan/p_yhzxabchf/,12000元/平
成华区荆竹东路与东荆路交汇处,首创花与城二期_成都首创花与城二期楼盘详情(成都链家新房),http://cd.fang.lianjia.com/loupan/p_scghcaatzt/,17800元/平
二环路东四段通盈街88号,绿地锦天府_成都绿地锦天府楼盘详情(成都链家新房),http://cd.fang.lianjia.com/loupan/p_ldjtfaabyo/,23000元/平
天府南华路与天府三街交汇处（高新青年公寓对面）,一品CG_成都一品CG楼盘详情(成都链家新房),http://cd.fang.lianjia.com/loupan/p_ypcaathx/,12500元/平
致强路266号,蓝光金悦府_成都蓝光金悦府楼盘详情(成都链家新房),http://cd.fang.lianjia.com/loupan/p_lgjyfkpabahg/,9000元/平
天府四街134号,仁美大源印象_成都仁美大源印象楼盘详情(成都链家新房),http://cd.fang.lianjia.com/loupan/p_rmdyyxaateu/,13000元/平
106省道和聚青路交汇处,宝信青城_成都宝信青城楼盘详情(成都链家新房),http://cd.fang.lianjia.com/loupan/p_bxqcabiqk/,12000元/平
玉堂镇铁军路口（赵公大院旁）,明宇豪雅青城_成都明宇豪雅青城楼盘详情(成都链家新房),http://cd.fang.lianjia.com/loupan/p_myhyqcaazeb/,13000元/平
郫县红光镇港大路39号（距离郫县华西分院一个站）,优派立方_成都优派立方楼盘详情(成都链家新房),http://cd.fang.lianjia.com/loupan/p_yplfaabfh/,6000元/平
昭觉寺横路80号,台州商人大厦_成都台州商人大厦楼盘详情(成都链家新房),http://cd.fang.lianjia.com/loupan/p_tzsrdsabclr/,11000元/平
三圣乡成龙大道二段北大附小正对门（川师成龙校区旁）,天府逸家二期_成都天府逸家二期楼盘详情(成都链家新房),http://cd.fang.lianjia.com/loupan/p_tfyjaaarn/,8800元/平
长融东三路155号,香山长岛_成都香山长岛楼盘详情(成都链家新房),http://cd.fang.lianjia.com/loupan/p_xscdaaldn/,10500元/平
沈阳路（万安体育公园前行500米）,枫丹铂麓_成都枫丹铂麓楼盘详情(成都链家新房),http://cd.fang.lianjia.com/loupan/p_hnfdblaaquj/,别名/合能幸福麓山
麓山大道381号(麓山大道入口处左侧),半山艾马仕_成都半山艾马仕楼盘详情(成都链家新房),http://cd.fang.lianjia.com/loupan/p_bsamsaaksf/,685万/套
驷马桥洪山路28号,北城鑫街_成都北城鑫街楼盘详情(成都链家新房),http://cd.fang.lianjia.com/loupan/p_bcxjaatli/,40000元/平
长青路88号,金美国际_成都金美国际楼盘详情(成都链家新房),http://cd.fang.lianjia.com/loupan/p_jmgjabbld/,30000元/平
骑士大道泰迪熊博物馆旁,恒大御景_成都恒大御景楼盘详情(成都链家新房),http://cd.fang.lianjia.com/loupan/p_dyjabgjk/,7500元/平
西航港锦华路二段,温资金港华府_成都温资金港华府楼盘详情(成都链家新房),http://cd.fang.lianjia.com/loupan/p_zjghfaatjq/,10000元/平
蜀龙路南段777号（三原外国语学校对面）,佳乐国际城_成都佳乐国际城楼盘详情(成都链家新房),http://cd.fang.lianjia.com/loupan/p_aaese/,6300元/平
北3.5环北新大道与天丰路交汇处,绿地城_成都绿地城楼盘详情(成都链家新房),http://cd.fang.lianjia.com/loupan/p_ldcaabrh/,8500元/平
牧华路口（剑南大道与牧华路交汇处）,鑫苑鑫都汇_成都鑫苑鑫都汇楼盘详情(成都链家新房),http://cd.fang.lianjia.com/loupan/p_xyxdhabgho/,35000元/平
九江镇万家街道（星空路与香榭大道交汇处）,华润公园九里_成都华润公园九里楼盘详情(成都链家新房),http://cd.fang.lianjia.com/loupan/p_dwchrgyjlabglw/,27000元/平
新繁镇列维士路369号（龙桥家具园区）,香江紫钻_成都香江紫钻楼盘详情(成都链家新房),http://cd.fang.lianjia.com/loupan/p_xjzzabamk/,4000元/平
崇义桥北街丰怡阳光,丰怡阳光_成都丰怡阳光楼盘详情(成都链家新房),http://cd.fang.lianjia.com/loupan/p_fyygyxaabnd/,5500元/平
清源二路126号,蓝光雍锦园_成都蓝光雍锦园楼盘详情(成都链家新房),http://cd.fang.lianjia.com/loupan/p_lgyjyaaxdh/,21000元/平
晋原镇甲子路20号,锦绣宸府一期_成都锦绣宸府一期楼盘详情(成都链家新房),http://cd.fang.lianjia.com/loupan/p_jxcfyqabeiy/,4300元/平
东三环凯德广场魅力城店向东500米,隆鑫印象东方_成都隆鑫印象东方楼盘详情(成都链家新房),http://cd.fang.lianjia.com/loupan/p_lxxdfaarsd/,12000元/平
电子路(原红光七分厂),桂湖名城二期_成都桂湖名城二期楼盘详情(成都链家新房),http://cd.fang.lianjia.com/loupan/p_ghmceqaaqzu/,5000元/平
光华东三路401号,光华逸家_成都光华逸家楼盘详情(成都链家新房),http://cd.fang.lianjia.com/loupan/p_ghyjabeuy/,50000元/平
大丰街道甫家一路289号,家益凤凰富居_成都家益凤凰富居楼盘详情(成都链家新房),http://cd.fang.lianjia.com/loupan/p_jyfhfjaaurb/,7500元/平
胜利镇燕杨路2号（维也纳森林别墅旁）,瑞升橄榄山_成都瑞升橄榄山楼盘详情(成都链家新房),http://cd.fang.lianjia.com/loupan/p_rsglsaaegz/,13000元/平
槐树店一路300号,鲁能城_成都鲁能城楼盘详情(成都链家新房),http://cd.fang.lianjia.com/loupan/p_lncabfrs/,40000元/平
蜀龙路与熊猫大道交汇处东行300米,保利狮子湖_成都保利狮子湖楼盘详情(成都链家新房),http://cd.fang.lianjia.com/loupan/p_blszhaayng/,200万/套
聚龙路168号（武侯万达广场旁）,金隅大成珑熙郡_成都金隅大成珑熙郡楼盘详情(成都链家新房),http://cd.fang.lianjia.com/loupan/p_jydclxjabenm/,43500元/平
百仁生态区内（三环路西四段）,太行瑞宏朗诗金沙城_成都太行瑞宏朗诗金沙城楼盘详情(成都链家新房),http://cd.fang.lianjia.com/loupan/p_lsjscaarwi/,别名/成都金沙城
桐凤路39号,紫檀_成都紫檀楼盘详情(成都链家新房),http://cd.fang.lianjia.com/loupan/p_ztaaunp/,25000元/平
犀浦镇犀安路666号,滨江两岸_成都滨江两岸楼盘详情(成都链家新房),http://cd.fang.lianjia.com/loupan/p_bjlaabfcp/,11000元/平
桃园大道蜀望路555号（新政府南侧）,恒昌格兰郡_成都恒昌格兰郡楼盘详情(成都链家新房),http://cd.fang.lianjia.com/loupan/p_hcgljaahhu/,4500元/平
西二环子云路,龙湖紫宸_成都龙湖紫宸楼盘详情(成都链家新房),http://cd.fang.lianjia.com/loupan/p_lhzcaatql/,23500元/平
晋原街道元通路与邑新大道交汇处,中交锦天新城_成都中交锦天新城楼盘详情(成都链家新房),http://cd.fang.lianjia.com/loupan/p_zjjtxcaazeq/,5300元/平
晋原镇潘家街三段23号,玉峰_成都玉峰楼盘详情(成都链家新房),http://cd.fang.lianjia.com/loupan/p_yfabgqp/,4800元/平
武阳大道二段261号,双楠港汇广场_成都双楠港汇广场楼盘详情(成都链家新房),http://cd.fang.lianjia.com/loupan/p_undefinedabfjn/,30000元/平
北星大道与大天路交汇处(十字路口出城方向右侧）,城北优品道_成都城北优品道楼盘详情(成都链家新房),http://cd.fang.lianjia.com/loupan/p_cbypdaatil/,30万/套
崇州市羊马镇鹤兴路与羊安路交汇处,西蜀御景二期_成都西蜀御景二期楼盘详情(成都链家新房),http://cd.fang.lianjia.com/loupan/p_xsyjeqablbb/,4700元/平
同兴东路399号,珠江青云台_成都珠江青云台楼盘详情(成都链家新房),http://cd.fang.lianjia.com/loupan/p_zjqytabfln/,38000元/平
新都北大门川陕路（蓉都大道润扬双河鹭岛旁）,三佳悦都_成都三佳悦都楼盘详情(成都链家新房),http://cd.fang.lianjia.com/loupan/p_sjydabfme/,23000元/平
文家街道办事处马厂村1、2组,佳兆业西城广场_成都佳兆业西城广场楼盘详情(成都链家新房),http://cd.fang.lianjia.com/loupan/p_jzyxcgcabdzb/,12000元/平
剑南大道南延线黄龙大道四段(黄龙古镇旁),黄龙溪谷_成都黄龙溪谷楼盘详情(成都链家新房),http://cd.fang.lianjia.com/loupan/p_hlxgaataf/,700万/套
仁寿县大化镇老成三路,山水印象城_成都山水印象城楼盘详情(成都链家新房),http://cd.fang.lianjia.com/loupan/p_ssyxcabdjg/,4400元/平
三圣乡成龙大道二段北大附小正对门（川师成龙校区旁）,天府逸家二期_成都天府逸家二期楼盘详情(成都链家新房),http://cd.fang.lianjia.com/loupan/p_tfyjabdne/,27000元/平
郫县郫筒镇杜鹃路政府旁,重百汉正广场_成都重百汉正广场楼盘详情(成都链家新房),http://cd.fang.lianjia.com/loupan/p_cbhzgcabfea/,21600元/平
光华大道三段江浦路288号,洲际亚洲湾_成都洲际亚洲湾楼盘详情(成都链家新房),http://cd.fang.lianjia.com/loupan/p_zjyzwabcfk/,30000元/平
温江区万春镇国色天乡鹭湖宫,鹭湖宫十五区_成都鹭湖宫十五区楼盘详情(成都链家新房),http://cd.fang.lianjia.com/loupan/p_gstxzzsqdkabjsf/,8103元/平
峨眉山路369号,佳年华广场一期_成都佳年华广场一期楼盘详情(成都链家新房),http://cd.fang.lianjia.com/loupan/p_jnhgcabbkq/,20000元/平
光华大道三段南侧花土路936号（地铁四号线凤凰大街站旁）,中国西部文化城_成都中国西部文化城楼盘详情(成都链家新房),http://cd.fang.lianjia.com/loupan/p_zgxbwhcabfnn/,30000元/平
东升镇航都大道与商都路交汇处(陶家院子旁),北大资源燕楠国际_成都北大资源燕楠国际楼盘详情(成都链家新房),http://cd.fang.lianjia.com/loupan/p_bdzyyngjabbhx/,29000元/平
西二环子云路,龙湖紫宸_成都龙湖紫宸楼盘详情(成都链家新房),http://cd.fang.lianjia.com/loupan/p_lhzcabflm/,60000元/平
中铁九天,中铁九天_成都中铁九天楼盘详情(成都链家新房),http://cd.fang.lianjia.com/loupan/p_ztjtabffu/,50000元/平
赵镇金园街159号,伊顿小镇_成都伊顿小镇楼盘详情(成都链家新房),http://cd.fang.lianjia.com/loupan/p_ydxzaaqef/,7100元/平
华阳街道府河路与南湖路交汇处,北京街_成都北京街楼盘详情(成都链家新房),http://cd.fang.lianjia.com/loupan/p_cdbjjaaufe/,12000元/平
郫筒镇和平南三街399号,润弘丽都_成都润弘丽都楼盘详情(成都链家新房),http://cd.fang.lianjia.com/loupan/p_rhldaalkn/,4500元/平
九江镇万家街道（星空路与香榭大道交汇处）,华润公园九里_成都华润公园九里楼盘详情(成都链家新房),http://cd.fang.lianjia.com/loupan/p_dwchrgyjlaatrl/,7500元/平
西航港大道中三段888号,葛洲坝紫郡蘭园_成都葛洲坝紫郡蘭园楼盘详情(成都链家新房),http://cd.fang.lianjia.com/loupan/p_zjlyyqabkfb/,8363元/平
望从东路308号,一里阳光_成都一里阳光楼盘详情(成都链家新房),http://cd.fang.lianjia.com/loupan/p_ylygabgku/,22000元/平
斑竹园镇南华路和竹韵大道交汇处,明都汇_成都明都汇楼盘详情(成都链家新房),http://cd.fang.lianjia.com/loupan/p_mdhaawwc/,7500元/平
桫椤路上段1号（美好家园旁）,凯世捷财富广场_成都凯世捷财富广场楼盘详情(成都链家新房),http://cd.fang.lianjia.com/loupan/p_ksjcfgcabdry/,4900元/平
崇州市滨江路南二段（太阳岛广场南300米）,南城滨河湾_成都南城滨河湾楼盘详情(成都链家新房),http://cd.fang.lianjia.com/loupan/p_ncbhwabayu/,6300元/平
东升镇星空路二段（航都路与航园路交叉口）,香瑞楠府_成都香瑞楠府楼盘详情(成都链家新房),http://cd.fang.lianjia.com/loupan/p_xrnfaalyc/,8000元/平
牧华路一段九号,牧马山牧山湖蔚蓝卡地亚_成都牧马山牧山湖蔚蓝卡地亚楼盘详情(成都链家新房),http://cd.fang.lianjia.com/loupan/p_mmsmshwlkdyaaynp/,1000万/套
港通北一路567号,中铁西郡英华一期_成都中铁西郡英华一期楼盘详情(成都链家新房),http://cd.fang.lianjia.com/loupan/p_ztxjyhyqaaywy/,11000元/平
富华北路357号,保利百合花园_成都保利百合花园楼盘详情(成都链家新房),http://cd.fang.lianjia.com/loupan/p_blbhhyabfvz/,45000元/平
天府大道南段2859号,和贵南山上_成都和贵南山上楼盘详情(成都链家新房),http://cd.fang.lianjia.com/loupan/p_hgnssaaliu/,1000万/套
商贸大道二段189号,华霖金贸商厦_成都华霖金贸商厦楼盘详情(成都链家新房),http://cd.fang.lianjia.com/loupan/p_hljmssabeln/,9500元/平
蜀龙路与熊猫大道交汇处东行300米,保利狮子湖_成都保利狮子湖楼盘详情(成都链家新房),http://cd.fang.lianjia.com/loupan/p_blszhaaekn/,8000元/平
花源镇丽景南路99号,牧山高第_成都牧山高第楼盘详情(成都链家新房),http://cd.fang.lianjia.com/loupan/p_msgdabbds/,320万/套
天府四街134号,仁美大源印象_成都仁美大源印象楼盘详情(成都链家新房),http://cd.fang.lianjia.com/loupan/p_rmdyyxaatew/,40000元/平
光华东二路98号,中铁西城新天地_成都中铁西城新天地楼盘详情(成都链家新房),http://cd.fang.lianjia.com/loupan/p_ztxcxtdabfws/,55000元/平
天府大道南段1355号（地铁1号线南延线广都站口）,名著司南_成都名著司南楼盘详情(成都链家新房),http://cd.fang.lianjia.com/loupan/p_mzsnabcfj/,40000元/平
麓山大道630号,洛森堡_成都洛森堡楼盘详情(成都链家新房),http://cd.fang.lianjia.com/loupan/p_undefinedabbkt/,28000元/平
南华路与天府二街交汇处（高新伊藤旁）,万科金域名邸一期_成都万科金域名邸一期楼盘详情(成都链家新房),http://cd.fang.lianjia.com/loupan/p_wkjymdabfhj/,40000元/平
顺城路88号,花样年大溪谷五期_成都花样年大溪谷五期楼盘详情(成都链家新房),http://cd.fang.lianjia.com/loupan/p_hyndxgabazp/,245万/套
成金青大道西侧，三环出城3公里处,保利湖心岛_成都保利湖心岛楼盘详情(成都链家新房),http://cd.fang.lianjia.com/loupan/p_blhxdaayky/,17000元/平
桃源新城雪山大道777号（大邑县植物园旁）,保利中央峰景_成都保利中央峰景楼盘详情(成都链家新房),http://cd.fang.lianjia.com/loupan/p_blzyfjaazcl/,5000元/平
天府一街1333号（高新七中旁）,凯德世纪名邸_成都凯德世纪名邸楼盘详情(成都链家新房),http://cd.fang.lianjia.com/loupan/p_kdsjmdabgkk/,40000元/平
协和街道顺兴路一段100号,格林城四期_成都格林城四期楼盘详情(成都链家新房),http://cd.fang.lianjia.com/loupan/p_glcsqabglm/,35000元/平
光华大道三段清泉北街,千禧河畔B区_成都千禧河畔B区楼盘详情(成都链家新房),http://cd.fang.lianjia.com/loupan/p_qxhpaabqv/,7000元/平
育英路18号,御城_成都御城楼盘详情(成都链家新房),http://cd.fang.lianjia.com/loupan/p_ycabgis/,20000元/平
仁寿县满井镇利民路1号,陵南茗城_成都陵南茗城楼盘详情(成都链家新房),http://cd.fang.lianjia.com/loupan/p_lnmcabfcu/,3500元/平
羊马镇崇阳大道2199号(金马湖大桥旁),嘉裕第六洲_成都嘉裕第六洲楼盘详情(成都链家新房),http://cd.fang.lianjia.com/loupan/p_jydlzabbmj/,7000元/平
双楠大道与白河路交汇处（双流新党校旁）,威兰德小镇_成都威兰德小镇楼盘详情(成都链家新房),http://cd.fang.lianjia.com/loupan/p_wldxzaaflk/,7000元/平
光华大道三段清泉北街,千禧河畔B区_成都千禧河畔B区楼盘详情(成都链家新房),http://cd.fang.lianjia.com/loupan/p_qxhpabcan/,32000元/平
花源镇花源大道1888号,天山名苑_成都天山名苑楼盘详情(成都链家新房),http://cd.fang.lianjia.com/loupan/p_tsmyaaytg/,5300元/平
龙泉驿区成龙大道与成简快速通道交汇处（芦溪河六国公园旁）,东山领地_成都东山领地楼盘详情(成都链家新房),http://cd.fang.lianjia.com/loupan/p_dsldabjqk/,16000元/平
青霞镇分水2组12号,幸福公社二期_成都幸福公社二期楼盘详情(成都链家新房),http://cd.fang.lianjia.com/loupan/p_xfgsyqabekp/,12000元/平
红光镇港华路555号,上置绿洲雅宾利花园_成都上置绿洲雅宾利花园楼盘详情(成都链家新房),http://cd.fang.lianjia.com/loupan/p_szlzyblhyabahm/,8500元/平
东大街(地铁2号线牛市口站A出口、二环BRT牛市口站),泰合国际财富中心_成都泰合国际财富中心楼盘详情(成都链家新房),http://cd.fang.lianjia.com/loupan/p_thgjcfzxabgpc/,70000元/平
光华大道三段江浦路288号,洲际亚洲湾_成都洲际亚洲湾楼盘详情(成都链家新房),http://cd.fang.lianjia.com/loupan/p_zjyzwabcdx/,28000元/平
金枫路与青台山路交叉口西150米,天府逸家一期_成都天府逸家一期楼盘详情(成都链家新房),http://cd.fang.lianjia.com/loupan/p_tfyjyqabfrt/,28000元/平
道明镇白塔湖大道159号,康怡城邦_成都康怡城邦楼盘详情(成都链家新房),http://cd.fang.lianjia.com/loupan/p_fgysabdom/,5600元/平
犀浦镇金粮路,锦巷兰台_成都锦巷兰台楼盘详情(成都链家新房),http://cd.fang.lianjia.com/loupan/p_ldjxltabduw/,10500元/平
天府大道与武汉路交汇,成都万达1号_成都成都万达1号楼盘详情(成都链家新房),http://cd.fang.lianjia.com/loupan/p_wdtfaaubu/,别名/万达天府1号
红星路南延线与应龙路交叉口,北大资源颐和翡翠府_成都北大资源颐和翡翠府楼盘详情(成都链家新房),http://cd.fang.lianjia.com/loupan/p_bdzyyhfcfabgkb/,40000元/平
凤翔大道1001号（政同通西路旁）,恒大新城_成都恒大新城楼盘详情(成都链家新房),http://cd.fang.lianjia.com/loupan/p_hdxcaacww/,8500元/平
滨江路二段（金堂客运中心旁）,金都华府_成都金都华府楼盘详情(成都链家新房),http://cd.fang.lianjia.com/loupan/p_jdhfaaewg/,4100元/平
龙泉阳光城锦绣路与同安路交汇处,恒大御龙天峰_成都恒大御龙天峰楼盘详情(成都链家新房),http://cd.fang.lianjia.com/loupan/p_hdyltfabijy/,7500元/平
高新区新园大道8号,雄飞新园名都_成都雄飞新园名都楼盘详情(成都链家新房),http://cd.fang.lianjia.com/loupan/p_xfxymdeqabenr/,14000元/平
红光广场路北三段,嘉通云玺_成都嘉通云玺楼盘详情(成都链家新房),http://cd.fang.lianjia.com/loupan/p_jtyxabfhn/,28000元/平
天府大道与华府大道交汇处,蓝润ISC_成都蓝润ISC楼盘详情(成都链家新房),http://cd.fang.lianjia.com/loupan/p_lriaaquc/,17000元/平
犀浦镇校园路东段188号(西3.5环),华邑阳光里_成都华邑阳光里楼盘详情(成都链家新房),http://cd.fang.lianjia.com/loupan/p_hyyglaadxz/,12000元/平
花源镇花源大道288号,万辰柳庄_成都万辰柳庄楼盘详情(成都链家新房),http://cd.fang.lianjia.com/loupan/p_wclzaaxgf/,5400元/平
南麓山大道一段289号（南延线麓山大道交汇路口）,香山半岛_成都香山半岛楼盘详情(成都链家新房),http://cd.fang.lianjia.com/loupan/p_xsbdabghn/,45000元/平
东客站西广场300米（成华区锦绣大道）,蓝润东悦荟_成都蓝润东悦荟楼盘详情(成都链家新房),http://cd.fang.lianjia.com/loupan/p_lrdyhaawve/,12000元/平
南麓山大道一段289号（南延线麓山大道交汇路口）,香山半岛_成都香山半岛楼盘详情(成都链家新房),http://cd.fang.lianjia.com/loupan/p_xsbdaaead/,13000元/平
彩虹大道南段123号,东能财富广场_成都东能财富广场楼盘详情(成都链家新房),http://cd.fang.lianjia.com/loupan/p_dncfgcabili/,9000元/平
万春镇春江西路,鹭湖宫十一区_成都鹭湖宫十一区楼盘详情(成都链家新房),http://cd.fang.lianjia.com/loupan/p_lhgabehv/,6500元/平
中和中柏大道（格林君典旁）,新景鼎南川宇_成都新景鼎南川宇楼盘详情(成都链家新房),http://cd.fang.lianjia.com/loupan/p_xjdncyaarwo/,40000元/平
西三环路三段草金立交内侧万顺二路155号,金阳不夜都_成都金阳不夜都楼盘详情(成都链家新房),http://cd.fang.lianjia.com/loupan/p_jybyloftaamry/,8800元/平
永顺路38-附1号,蓝光雍锦世家_成都蓝光雍锦世家楼盘详情(成都链家新房),http://cd.fang.lianjia.com/loupan/p_lgyjsjaayld/,23000元/平
兴园三路66号（ 新筑股份对面）,新筑鼎峰_成都新筑鼎峰楼盘详情(成都链家新房),http://cd.fang.lianjia.com/loupan/p_xzblxydfaabie/,4800元/平
多宝寺南路4号,明信鹭湾_成都明信鹭湾楼盘详情(成都链家新房),http://cd.fang.lianjia.com/loupan/p_mxlwaaxdk/,11000元/平
西三环蜀鑫路与清波路交汇处（华润金悦湾对面）,海亮樾金沙_成都海亮樾金沙楼盘详情(成都链家新房),http://cd.fang.lianjia.com/loupan/p_hlyjsaaeju/,18000元/平
安德镇政府路1号（安德政府对面）,杜鹃城_成都杜鹃城楼盘详情(成都链家新房),http://cd.fang.lianjia.com/loupan/p_djcaaljo/,4300元/平
犀浦镇金粮路,锦巷兰台_成都锦巷兰台楼盘详情(成都链家新房),http://cd.fang.lianjia.com/loupan/p_ldjxltaatqq/,15000元/平
燎原路228号,珠江御景湾_成都珠江御景湾楼盘详情(成都链家新房),http://cd.fang.lianjia.com/loupan/p_zjyjwabfdr/,40000元/平
双流东升双楠大道,远大林语城南庭_成都远大林语城南庭楼盘详情(成都链家新房),http://cd.fang.lianjia.com/loupan/p_ydlycntabkvx/,17000元/平
天府大道与武汉路交汇,成都万达1号_成都成都万达1号楼盘详情(成都链家新房),http://cd.fang.lianjia.com/loupan/p_cdwdaayxn/,别名/万达天府1号
天府新区正兴镇田家寺村4、5、6组,蔚蓝卡地亚花园城_成都蔚蓝卡地亚花园城楼盘详情(成都链家新房),http://cd.fang.lianjia.com/loupan/p_wlkdyhycaarwt/,别名/花园城国际度假中心
大观镇高尔夫大街369号,御青城_成都御青城楼盘详情(成都链家新房),http://cd.fang.lianjia.com/loupan/p_qcyabgry/,15000元/平
西三环光华南三路（万家湾公交总站旁）,恒大翡翠华庭_成都恒大翡翠华庭楼盘详情(成都链家新房),http://cd.fang.lianjia.com/loupan/p_hdfchtabgfi/,35000元/平
太平碑路100号,蓝光花满庭三期_成都蓝光花满庭三期楼盘详情(成都链家新房),http://cd.fang.lianjia.com/loupan/p_lghmtsqabfll/,60000元/平
致力东街领地海纳时代,领地海纳时代_成都领地海纳时代楼盘详情(成都链家新房),http://cd.fang.lianjia.com/loupan/p_ldhnsdabbkp/,25000元/平
天府大道旁老成仁路77号（远大都市风景旁）,嘉年华国际社区_成都嘉年华国际社区楼盘详情(成都链家新房),http://cd.fang.lianjia.com/loupan/p_jnhgjsqabfur/,55000元/平
阳光城幸福大道,林溪康城_成都林溪康城楼盘详情(成都链家新房),http://cd.fang.lianjia.com/loupan/p_lxkcabbkw/,17000元/平
杨柳河金河西路283号,世纪滨江_成都世纪滨江楼盘详情(成都链家新房),http://cd.fang.lianjia.com/loupan/p_sjbjabgmk/,18000元/平
北星大道与大天路交汇处(十字路口出城方向右侧）,城北优品道_成都城北优品道楼盘详情(成都链家新房),http://cd.fang.lianjia.com/loupan/p_cbypdabfrq/,38000元/平
花源镇1888号,金科廊桥水乡_成都金科廊桥水乡楼盘详情(成都链家新房),http://cd.fang.lianjia.com/loupan/p_jklqsxaahur/,160万/套
三圣乡白桦林路999号（成龙大道与银杏大道交汇处）,绿岛筑_成都绿岛筑楼盘详情(成都链家新房),http://cd.fang.lianjia.com/loupan/p_ldzaarxk/,8800元/平
花桥龚巷村一组,花桥雅苑_成都花桥雅苑楼盘详情(成都链家新房),http://cd.fang.lianjia.com/loupan/p_zwhqyyabemc/,18000元/平
新都大道同仁路口（石油大学旁）,友盛上都_成都友盛上都楼盘详情(成都链家新房),http://cd.fang.lianjia.com/loupan/p_yssdabgiv/,20000元/平
龙城大道（四川师范大学成龙校区旁）,保利玫瑰花语_成都保利玫瑰花语楼盘详情(成都链家新房),http://cd.fang.lianjia.com/loupan/p_blmghyabfda/,22600元/平
桃源新城人和街99号（新政府旁，新体院馆对面）,力扬时代_成都力扬时代楼盘详情(成都链家新房),http://cd.fang.lianjia.com/loupan/p_lysdaabiz/,4600元/平
圣谕亭巷169号,桂花香邻_成都桂花香邻楼盘详情(成都链家新房),http://cd.fang.lianjia.com/loupan/p_ghxlaazbe/,6100元/平
君山路1号,花样年君山_成都花样年君山楼盘详情(成都链家新房),http://cd.fang.lianjia.com/loupan/p_hynjsabavc/,6000元/平
培风路276号（成都实验小学西区旁）,颐和京都_成都颐和京都楼盘详情(成都链家新房),http://cd.fang.lianjia.com/loupan/p_yhjdaacat/,12500元/平
望从东路308号,一里阳光_成都一里阳光楼盘详情(成都链家新房),http://cd.fang.lianjia.com/loupan/p_ylygabicr/,4600元/平
一环路北二段北站西二路1号,炎华置信花千集_成都炎华置信花千集楼盘详情(成都链家新房),http://cd.fang.lianjia.com/loupan/p_yhzxhqjaawpa/,15000元/平
双龙路与华盛路交汇处（龙潭水乡向北500米）,保利林语溪_成都保利林语溪楼盘详情(成都链家新房),http://cd.fang.lianjia.com/loupan/p_bllyxaacra/,9056元/平
南湖西侧（剑南大道旁边）,中信城右岸_成都中信城右岸楼盘详情(成都链家新房),http://cd.fang.lianjia.com/loupan/p_zhyaaazbq/,13500元/平
郫都区三道堰水乡街138号（水井坊街与文昌街交汇处）,芙蓉山水浣溪_成都芙蓉山水浣溪楼盘详情(成都链家新房),http://cd.fang.lianjia.com/loupan/p_frsshxabazn/,5100元/平
铁军路588号（外江大桥与玉府路交叉口）,万达城_成都万达城楼盘详情(成都链家新房),http://cd.fang.lianjia.com/loupan/p_wdcaayoe/,6612元/平
育仁西路8号,西门先生_成都西门先生楼盘详情(成都链家新房),http://cd.fang.lianjia.com/loupan/p_xmxsabgae/,35000元/平
丽都路511号,中粮香颂丽都_成都中粮香颂丽都楼盘详情(成都链家新房),http://cd.fang.lianjia.com/loupan/p_undefinedabfiv/,30000元/平
牧华路三段1789号,海伦春天_成都海伦春天楼盘详情(成都链家新房),http://cd.fang.lianjia.com/loupan/p_hlctaapyl/,17000元/平
果盛路36号,中海熙苑二期_成都中海熙苑二期楼盘详情(成都链家新房),http://cd.fang.lianjia.com/loupan/p_zhxyeqabgmo/,35000元/平
黄水镇燕阳路7号,国航凤凰苑_成都国航凤凰苑楼盘详情(成都链家新房),http://cd.fang.lianjia.com/loupan/p_ghfhyaalxh/,7800元/平
成龙大道与银木街交汇处（成都七中育才学校三圣分校）,华熙528艺术村_成都华熙528艺术村楼盘详情(成都链家新房),http://cd.fang.lianjia.com/loupan/p_hx528yscaabra/,9000元/平
御风一路35号(信和御龙山旁),锦府_成都锦府楼盘详情(成都链家新房),http://cd.fang.lianjia.com/loupan/p_jfabdrz/,12000元/平
新都大道同仁路口（石油大学旁）,友盛上都_成都友盛上都楼盘详情(成都链家新房),http://cd.fang.lianjia.com/loupan/p_yssdaayzo/,6500元/平
宝光桂湖文化区新新路560号,恒大御府一期_成都恒大御府一期楼盘详情(成都链家新房),http://cd.fang.lianjia.com/loupan/p_hdyfyqabgru/,8500元/平
成都市龙泉驿经开区龙华大道寰宇君汇城售楼部（吉利汽车对面）,寰宇君汇城_成都寰宇君汇城楼盘详情(成都链家新房),http://cd.fang.lianjia.com/loupan/p_hyjhcabjie/,7650元/平
雅和南四路216号,龙湖九里晴川_成都龙湖九里晴川楼盘详情(成都链家新房),http://cd.fang.lianjia.com/loupan/p_lhjlqcaaqjr/,18000元/平
天府大道南段1355号（地铁1号线南延线广都站口）,名著司南_成都名著司南楼盘详情(成都链家新房),http://cd.fang.lianjia.com/loupan/p_snaatez/,40000元/平
电子路172号,海伦国际二期_成都海伦国际二期楼盘详情(成都链家新房),http://cd.fang.lianjia.com/loupan/p_hlgjeqabere/,25000元/平
万春镇春江西路,鹭湖宫十一区_成都鹭湖宫十一区楼盘详情(成都链家新房),http://cd.fang.lianjia.com/loupan/p_lhgabdop/,25000元/平
光华大道三段江浦路888号（江安河畔）,洲际银海湾_成都洲际银海湾楼盘详情(成都链家新房),http://cd.fang.lianjia.com/loupan/p_zjyhwabcfm/,34000元/平
郫县郫筒镇杜鹃路政府旁,重百汉正广场_成都重百汉正广场楼盘详情(成都链家新房),http://cd.fang.lianjia.com/loupan/p_cbhzgcabilw/,21600元/平
大面街道天鹅西湖南路899号,百悦城云景_成都百悦城云景楼盘详情(成都链家新房),http://cd.fang.lianjia.com/loupan/p_bycyjabdmu/,30000元/平
龙泉驿区成龙大道与成简快速通道交汇处（芦溪河六国公园旁）,东山领地_成都东山领地楼盘详情(成都链家新房),http://cd.fang.lianjia.com/loupan/p_dsldabjql/,16000元/平
益州大道北段388号,城市春天_成都城市春天楼盘详情(成都链家新房),http://cd.fang.lianjia.com/loupan/p_csctabcsq/,9000元/平
锦江东大路246号,环球汇蔚然_成都环球汇蔚然楼盘详情(成都链家新房),http://cd.fang.lianjia.com/loupan/p_hqhwrabksk/,20000元/平
新都大道与兴乐路交汇处,富豪公馆_成都富豪公馆楼盘详情(成都链家新房),http://cd.fang.lianjia.com/loupan/p_fhggaarvj/,9500元/平
光华大道一段（青羊万达广场对面）,长虹和悦府_成都长虹和悦府楼盘详情(成都链家新房),http://cd.fang.lianjia.com/loupan/p_chhyfabfih/,40000元/平
成华区青龙街道白莲池苗圃基地（熊猫大道北富森美旁）,融创凯旋公馆_成都融创凯旋公馆楼盘详情(成都链家新房),http://cd.fang.lianjia.com/loupan/p_thkxggaaesl/,6200元/平
东中环二仙桥北一路,理想城_成都理想城楼盘详情(成都链家新房),http://cd.fang.lianjia.com/loupan/p_lxcabgmb/,20000元/平
同华大道1365号,天府欧城_成都天府欧城楼盘详情(成都链家新房),http://cd.fang.lianjia.com/loupan/p_tfocabbdb/,4400元/平
玉沿路与N17县道交叉口南100米,外滩新天地_成都外滩新天地楼盘详情(成都链家新房),http://cd.fang.lianjia.com/loupan/p_wtxtdaaeta/,10000元/平
犀浦镇金粮路,锦巷兰台_成都锦巷兰台楼盘详情(成都链家新房),http://cd.fang.lianjia.com/loupan/p_ldjxltaatqx/,320万/套
温泉大道177号（新城西站附近）,洲际春天广场_成都洲际春天广场楼盘详情(成都链家新房),http://cd.fang.lianjia.com/loupan/p_zjctgcabcec/,30000元/平
二环路与府青路交汇处（原512建材市场旁）,永立星城都_成都永立星城都楼盘详情(成都链家新房),http://cd.fang.lianjia.com/loupan/p_ylxcdabcpw/,15500元/平
金融城交子大道（天府国际金融中心旁）,中国华商金融中心_成都中国华商金融中心楼盘详情(成都链家新房),http://cd.fang.lianjia.com/loupan/p_zghsjrzxaaxem/,35000元/平
航都大街四段60号（双流欧尚店旁）,东立国际花城_成都东立国际花城楼盘详情(成都链家新房),http://cd.fang.lianjia.com/loupan/p_dlgjhcabglq/,30000元/平
郫县梨园路一段528号,中铁奥维尔_成都中铁奥维尔楼盘详情(成都链家新房),http://cd.fang.lianjia.com/loupan/p_ztaweaacri/,5600元/平
东郊记忆旁·新成华大道与中环路交汇处,招商中央华城_成都招商中央华城楼盘详情(成都链家新房),http://cd.fang.lianjia.com/loupan/p_zszyhcabjqc/,13000元/平
郫花路299号（郫花路与关柏路交汇处）,花样年龙年中心_成都花样年龙年中心楼盘详情(成都链家新房),http://cd.fang.lianjia.com/loupan/p_hynlnzxabglh/,230万/套
蜀都新城中信大道顺河路口（中信未来城南侧）,龙光君悦华庭_成都龙光君悦华庭楼盘详情(成都链家新房),http://cd.fang.lianjia.com/loupan/p_aajhe/,6100元/平
红光镇港通北一路567号,中铁西郡英华三期_成都中铁西郡英华三期楼盘详情(成都链家新房),http://cd.fang.lianjia.com/loupan/p_aamsi/,6400元/平
西航港街道川大西路二段1号,城南逸家_成都城南逸家楼盘详情(成都链家新房),http://cd.fang.lianjia.com/loupan/p_cnyjaaqdj/,25000元/平
吉庆三路333号,蜀都中心二期_成都蜀都中心二期楼盘详情(成都链家新房),http://cd.fang.lianjia.com/loupan/p_sdzxeqabghm/,40000元/平
草金路（永康森林公园旁、江安河畔）,蜀镇_成都蜀镇楼盘详情(成都链家新房),http://cd.fang.lianjia.com/loupan/p_szaaqsa/,12800元/平
蜀龙路南段777号（三原外国语学校对面）,佳乐国际城_成都佳乐国际城楼盘详情(成都链家新房),http://cd.fang.lianjia.com/loupan/p_jlgjcabbkm/,3200万/套
百信路28号,明信城_成都明信城楼盘详情(成都链家新房),http://cd.fang.lianjia.com/loupan/p_mxcabdud/,6800元/平
红光镇广场路北三段（成都技师学院旁）,中铁银杏广场_成都中铁银杏广场楼盘详情(成都链家新房),http://cd.fang.lianjia.com/loupan/p_ztyxgcabfdx/,22000元/平
洞子口蓉北商贸大道和平路2号,天悦城_成都天悦城楼盘详情(成都链家新房),http://cd.fang.lianjia.com/loupan/p_tycabffx/,40000元/平
协和街道剑南大道2266号（南湖公园旁）,中铁骑士府邸_成都中铁骑士府邸楼盘详情(成都链家新房),http://cd.fang.lianjia.com/loupan/p_ztqsfdaakwv/,12000元/平
蓉都大道南四段,华都九龙广场_成都华都九龙广场楼盘详情(成都链家新房),http://cd.fang.lianjia.com/loupan/p_hdjlgcabbko/,30000元/平
海科路99号（成都师范学院旁）,明信仕林府_成都明信仕林府楼盘详情(成都链家新房),http://cd.fang.lianjia.com/loupan/p_mxcslfabflj/,30000元/平
柳南三路169号,银滩_成都银滩楼盘详情(成都链家新房),http://cd.fang.lianjia.com/loupan/p_ytabgml/,25000元/平
西河镇成洛大道（华新职业学院旁）,昊园江南壹品_成都昊园江南壹品楼盘详情(成都链家新房),http://cd.fang.lianjia.com/loupan/p_hyjnypabfdd/,20000元/平
红光镇港华路555号,上置绿洲雅宾利花园_成都上置绿洲雅宾利花园楼盘详情(成都链家新房),http://cd.fang.lianjia.com/loupan/p_szlzyblhyabils/,15000元/平
高新区石羊场路555号,金房大榕湾人家_成都金房大榕湾人家楼盘详情(成都链家新房),http://cd.fang.lianjia.com/loupan/p_jfdrwabgka/,25000元/平
二环路东三段双庆路6号,华润二十四城七期_成都华润二十四城七期楼盘详情(成都链家新房),http://cd.fang.lianjia.com/loupan/p_hresscqqabgix/,45000元/平
东二环与琉璃路交汇处,中港CC PARK_成都中港CC PARK楼盘详情(成都链家新房),http://cd.fang.lianjia.com/loupan/p_zgcaakrb/,18500元/平
2.5环内昭觉寺横路（中国电信旁）,泛悦城市广场_成都泛悦城市广场楼盘详情(成都链家新房),http://cd.fang.lianjia.com/loupan/p_fycsgcabgls/,30000元/平
九江街道万家社区,金祥广场_成都金祥广场楼盘详情(成都链家新房),http://cd.fang.lianjia.com/loupan/p_jxgcabjig/,5555元/平
三河街道叠秀路1999号（五龙山公园内）,万科五龙山璞院_成都万科五龙山璞院楼盘详情(成都链家新房),http://cd.fang.lianjia.com/loupan/p_wkwlspyabcsp/,14000元/平
吉庆一路288号（益州大道与天府二街交汇口）,润莱金座_成都润莱金座楼盘详情(成都链家新房),http://cd.fang.lianjia.com/loupan/p_rljzabghl/,22000元/平
博海路83号,海伦国际一期_成都海伦国际一期楼盘详情(成都链家新房),http://cd.fang.lianjia.com/loupan/p_hlgjyqaberd/,25000元/平
芝芝路888号,美好庄园_成都美好庄园楼盘详情(成都链家新房),http://cd.fang.lianjia.com/loupan/p_mhzyaazbu/,15000元/平
培风村10组成飞大道383号,中铁瑞景颐城_成都中铁瑞景颐城楼盘详情(成都链家新房),http://cd.fang.lianjia.com/loupan/p_undefinedabfdy/,52000元/平
二环路与府青路交汇处（原512建材市场旁）,永立星城都_成都永立星城都楼盘详情(成都链家新房),http://cd.fang.lianjia.com/loupan/p_ylxcdaachh/,11000元/平
唐安东路与世纪大道交汇处,唐人街_成都唐人街楼盘详情(成都链家新房),http://cd.fang.lianjia.com/loupan/p_trjaaheg/,6200元/平
果盛路36号,中海熙苑二期_成都中海熙苑二期楼盘详情(成都链家新房),http://cd.fang.lianjia.com/loupan/p_zhxyeqabdvp/,16000元/平
航都大道与商都路交汇处,北大资源燕楠国际三期_成都北大资源燕楠国际三期楼盘详情(成都链家新房),http://cd.fang.lianjia.com/loupan/p_bdzyyngjsqabdow/,9100元/平
胜利镇长兴路168号（果园农家乐西边）,半山卫城朴墅_成都半山卫城朴墅楼盘详情(成都链家新房),http://cd.fang.lianjia.com/loupan/p_bswcpsaawtk/,13000元/平
人民北路一段8号（西藏饭店旁）,北成星中心_成都北成星中心楼盘详情(成都链家新房),http://cd.fang.lianjia.com/loupan/p_bcaarxl/,13500元/平
金马镇清泰路425号,嘉源红郡_成都嘉源红郡楼盘详情(成都链家新房),http://cd.fang.lianjia.com/loupan/p_jyhjabigm/,5500元/平
华阳街道一心村二、五组，鹤林村四组,德商御府天骄_成都德商御府天骄楼盘详情(成都链家新房),http://cd.fang.lianjia.com/loupan/p_dsyftjaateb/,20000元/平
西货站路207号,融创观玺台花园_成都融创观玺台花园楼盘详情(成都链家新房),http://cd.fang.lianjia.com/loupan/p_rcgxtaauaw/,17300元/平
地铁2号线百草路站（成都实验外国语学校北侧）,万科城臻园_成都万科城臻园楼盘详情(成都链家新房),http://cd.fang.lianjia.com/loupan/p_wkczyabbdc/,17000元/平
通宝街88号,伊泰天骄_成都伊泰天骄楼盘详情(成都链家新房),http://cd.fang.lianjia.com/loupan/p_yttjaaexj/,27000元/平
公园大道与金茶路交叉口（天鹅湖公园旁）,百悦星城一期_成都百悦星城一期楼盘详情(成都链家新房),http://cd.fang.lianjia.com/loupan/p_wlgyhabdru/,16500元/平
北新干道毗河畔（香城大桥旁）,源上湾国际社区_成都源上湾国际社区楼盘详情(成都链家新房),http://cd.fang.lianjia.com/loupan/p_yswgjsqabflv/,30000元/平
驿镇驿都西路3666号,炜岸城一期_成都炜岸城一期楼盘详情(成都链家新房),http://cd.fang.lianjia.com/loupan/p_wacaaarw/,8600元/平
川陕立交旁荆翠西路,金科中心_成都金科中心楼盘详情(成都链家新房),http://cd.fang.lianjia.com/loupan/p_jkzxaasxs/,9500元/平
益州大道中段1918号,嘉祥瑞庭南城_成都嘉祥瑞庭南城楼盘详情(成都链家新房),http://cd.fang.lianjia.com/loupan/p_jxrtncaaedz/,17000元/平
红星路南延线与应龙路交叉口,北大资源颐和翡翠府_成都北大资源颐和翡翠府楼盘详情(成都链家新房),http://cd.fang.lianjia.com/loupan/p_bdzyyhfcfaarjo/,18000元/平
海科路东段688号（西南财经大学旁）,西财学府憬城_成都西财学府憬城楼盘详情(成都链家新房),http://cd.fang.lianjia.com/loupan/p_xcxfjcaabce/,6000元/平
吉泰二路266号,无国界_成都无国界楼盘详情(成都链家新房),http://cd.fang.lianjia.com/loupan/p_wgjabfvl/,55000元/平
大丰南丰大道494号,丰瑞玺悦城_成都丰瑞玺悦城楼盘详情(成都链家新房),http://cd.fang.lianjia.com/loupan/p_frxycabawd/,6300元/平
顺江路335号（望江公园和川大旁）,阿玛尼艺术公寓_成都阿玛尼艺术公寓楼盘详情(成都链家新房),http://cd.fang.lianjia.com/loupan/p_amnysgyaaptu/,55000元/平
西·老成灌路与南北大道交汇处,华宇天府花城_成都华宇天府花城楼盘详情(成都链家新房),http://cd.fang.lianjia.com/loupan/p_hytfhcabfrr/,30000元/平
清波路77号,华润金悦湾_成都华润金悦湾楼盘详情(成都链家新房),http://cd.fang.lianjia.com/loupan/p_hrjywabgkg/,50000元/平
大邑雪山大道二段598号,青禾名都_成都青禾名都楼盘详情(成都链家新房),http://cd.fang.lianjia.com/loupan/p_qhmdaahfc/,5100元/平
太平园中四路9号,中粮祥云三期_成都中粮祥云三期楼盘详情(成都链家新房),http://cd.fang.lianjia.com/loupan/p_zlxysqabgmz/,35000元/平
晋原镇子龙街160号,子龙邑都一期_成都子龙邑都一期楼盘详情(成都链家新房),http://cd.fang.lianjia.com/loupan/p_zlydaawww/,3700元/平
二环路东二段6号附13,汇富大厦_成都汇富大厦楼盘详情(成都链家新房),http://cd.fang.lianjia.com/loupan/p_hfdsabcee/,50000元/平
三星镇学府大道279号,星岛国际_成都星岛国际楼盘详情(成都链家新房),http://cd.fang.lianjia.com/loupan/p_xdgjaaypa/,5300元/平
温泉大道二段（天来国际广场旁）,泰合新光华府_成都泰合新光华府楼盘详情(成都链家新房),http://cd.fang.lianjia.com/loupan/p_thxghfaakpn/,7000元/平
成洛大道西河段,棕榈印象_成都棕榈印象楼盘详情(成都链家新房),http://cd.fang.lianjia.com/loupan/p_zlyxaawri/,5000元/平
寿安镇迎宾大道88号（寿安中心小学附近）,剑桥小镇三期_成都剑桥小镇三期楼盘详情(成都链家新房),http://cd.fang.lianjia.com/loupan/p_jqxzsqabbav/,5000元/平
簇锦街办铁佛村3、8组(武侯大道铁佛段与金履路交汇处),西派城_成都西派城楼盘详情(成都链家新房),http://cd.fang.lianjia.com/loupan/p_xpcabgmn/,35000元/平
晋原镇锦屏大道1号,恒宇时代天街_成都恒宇时代天街楼盘详情(成都链家新房),http://cd.fang.lianjia.com/loupan/p_hysdtjabdoz/,4700元/平
黑龙滩风景区与省道106线交汇处,黑龙滩国际社区_成都黑龙滩国际社区楼盘详情(成都链家新房),http://cd.fang.lianjia.com/loupan/p_hltgjsqabdrs/,10000元/平
西河镇成洛大道（成洛路西南食品城旁）,东韵雅园_成都东韵雅园楼盘详情(成都链家新房),http://cd.fang.lianjia.com/loupan/p_dyyyaawvh/,7500元/平
双成五路66号,观城_成都观城楼盘详情(成都链家新房),http://cd.fang.lianjia.com/loupan/p_gcaaypo/,14200元/平
红光镇红光广场路四段216号（技师学院旁）,宇众悦城_成都宇众悦城楼盘详情(成都链家新房),http://cd.fang.lianjia.com/loupan/p_yzycabbjz/,22000元/平
高新西区合作路89号,龙湖时代天街_成都龙湖时代天街楼盘详情(成都链家新房),http://cd.fang.lianjia.com/loupan/p_lhsdtjaabng/,8000元/平
玉沿路与N17县道交叉口南100米,外滩新天地_成都外滩新天地楼盘详情(成都链家新房),http://cd.fang.lianjia.com/loupan/p_wtxtdabjrq/,20000元/平
高店路东段1001号,宇众曼城_成都宇众曼城楼盘详情(成都链家新房),http://cd.fang.lianjia.com/loupan/p_yzmcabffq/,15000元/平
二环路西一段155号（仁和春天对面）,天祥广场_成都天祥广场楼盘详情(成都链家新房),http://cd.fang.lianjia.com/loupan/p_txgcabhci/,30000元/平
名山路南段188号,峨眉山与湖_成都峨眉山与湖楼盘详情(成都链家新房),http://cd.fang.lianjia.com/loupan/p_emsyhabdrr/,600万/套
仁寿文林镇广电街城南街心广场旁,翡翠锦城_成都翡翠锦城楼盘详情(成都链家新房),http://cd.fang.lianjia.com/loupan/p_fcjcabkjn/,6850元/平
万科路东段荣盛紫提东郡,荣盛紫提东郡_成都荣盛紫提东郡楼盘详情(成都链家新房),http://cd.fang.lianjia.com/loupan/p_rsztdjabfab/,26000元/平
道明镇白塔湖大道159号,康怡城邦_成都康怡城邦楼盘详情(成都链家新房),http://cd.fang.lianjia.com/loupan/p_fgysabdmy/,4800元/平
新成彭路大天路出口左侧（博雅新城旁）,优品道珑苑_成都优品道珑苑楼盘详情(成都链家新房),http://cd.fang.lianjia.com/loupan/p_ypdlyabfjq/,35000元/平
万东路369号,心怡中丝园_成都心怡中丝园楼盘详情(成都链家新房),http://cd.fang.lianjia.com/loupan/p_xyzsyabcfn/,36000元/平
大丰镇华美村,北新国际广场_成都北新国际广场楼盘详情(成都链家新房),http://cd.fang.lianjia.com/loupan/p_bxgjyxabgbc/,9300元/平
昭觉寺横路80号,台州商人大厦_成都台州商人大厦楼盘详情(成都链家新房),http://cd.fang.lianjia.com/loupan/p_tzsrdsabblt/,40000元/平
双流东升镇一杆旗北路29号,满座_成都满座楼盘详情(成都链家新房),http://cd.fang.lianjia.com/loupan/p_mzabfro/,31000元/平
静康路与静沙北路交汇处,新希望锦官阁_成都新希望锦官阁楼盘详情(成都链家新房),http://cd.fang.lianjia.com/loupan/p_xxwjggaarwv/,15500元/平
高攀西巷3号,中国水电泛悦国际_成都中国水电泛悦国际楼盘详情(成都链家新房),http://cd.fang.lianjia.com/loupan/p_zgsdfygjabgmm/,35000元/平
红光镇红光广场路四段216号（技师学院旁）,宇众悦城_成都宇众悦城楼盘详情(成都链家新房),http://cd.fang.lianjia.com/loupan/p_yzycabcna/,20000元/平
德源镇德源南路一段229号（稻香路口旁),德源第一城_成都德源第一城楼盘详情(成都链家新房),http://cd.fang.lianjia.com/loupan/p_dydycabffs/,50000元/平
政通东路369号（温泉大道与花土路交汇处）,金恒德时代金悦_成都金恒德时代金悦楼盘详情(成都链家新房),http://cd.fang.lianjia.com/loupan/p_jhdsdjyabcft/,30000元/平
天府二街679号（无国界对面）,金控时代广场_成都金控时代广场楼盘详情(成都链家新房),http://cd.fang.lianjia.com/loupan/p_jksdgcabfvq/,20000元/平
成龙大道车城西三路,金科东方雅郡_成都金科东方雅郡楼盘详情(成都链家新房),http://cd.fang.lianjia.com/loupan/p_jkdfyjabfdg/,9400元/平
滨江路二段（毗河二桥旁）,恒大御景半岛_成都恒大御景半岛楼盘详情(成都链家新房),http://cd.fang.lianjia.com/loupan/p_hdyjbdaaewj/,6000元/平
金彭中路355号,锦绣尚城_成都锦绣尚城楼盘详情(成都链家新房),http://cd.fang.lianjia.com/loupan/p_jxscaazcf/,4980元/平
二环路南一段20号（科华中路）,绿地GIC_成都绿地GIC楼盘详情(成都链家新房),http://cd.fang.lianjia.com/loupan/p_ldgicaahie/,18000元/平
双楠大道航都大街99号（香榭美邻二期旁）,国奥村_成都国奥村楼盘详情(成都链家新房),http://cd.fang.lianjia.com/loupan/p_gacaatjc/,14000元/平
赤虎桥南街1号（华宇阳光水岸旁）,香澜半岛_成都香澜半岛楼盘详情(成都链家新房),http://cd.fang.lianjia.com/loupan/p_xlbdaaeba/,14500元/平
大邑大道268号,祥荣城市绿洲二期_成都祥荣城市绿洲二期楼盘详情(成都链家新房),http://cd.fang.lianjia.com/loupan/p_xrcslzeqabdpc/,4600元/平
西河东路555号,天立世纪华府_成都天立世纪华府楼盘详情(成都链家新房),http://cd.fang.lianjia.com/loupan/p_tlsjhfaaypp/,4400元/平
东郊记忆旁·新成华大道与中环路交汇处,招商中央华城_成都招商中央华城楼盘详情(成都链家新房),http://cd.fang.lianjia.com/loupan/p_zszyhcaacqo/,13000元/平
汇泉南路333号,吉宝凌云峰阁_成都吉宝凌云峰阁楼盘详情(成都链家新房),http://cd.fang.lianjia.com/loupan/p_jblyfgaabuo/,30000元/平
培风路276号（成都实验小学西区旁）,颐和京都_成都颐和京都楼盘详情(成都链家新房),http://cd.fang.lianjia.com/loupan/p_yhjdabfjy/,40000元/平
世纪城新会展中心418号（天鹅湖畔）,龙湖世纪峰景_成都龙湖世纪峰景楼盘详情(成都链家新房),http://cd.fang.lianjia.com/loupan/p_lhsjfjaaele/,别名/龙湖世纪
育仁西路,保利堂悦_成都保利堂悦楼盘详情(成都链家新房),http://cd.fang.lianjia.com/loupan/p_bltyabgsv/,16500元/平
文宫镇红专街136号,文华公寓四期_成都文华公寓四期楼盘详情(成都链家新房),http://cd.fang.lianjia.com/loupan/p_whgysqabdrh/,4750元/平
凤凰大道二段765号,嘉合凤凰岛_成都嘉合凤凰岛楼盘详情(成都链家新房),http://cd.fang.lianjia.com/loupan/p_jhfhdabbbx/,7500元/平
大丰街道大西三路（汇融悉尼湾对面）,汇融生活广场_成都汇融生活广场楼盘详情(成都链家新房),http://cd.fang.lianjia.com/loupan/p_hrshgcabflx/,30000元/平
武青北路（青羊万达旁 地铁4号线出口处）,紫御熙庭_成都紫御熙庭楼盘详情(成都链家新房),http://cd.fang.lianjia.com/loupan/p_zyxtabgkp/,45000元/平
龙泉驿天鹅西湖南路6号（成龙大道和天鹅西湖南路交汇处）,世茂城三期_成都世茂城三期楼盘详情(成都链家新房),http://cd.fang.lianjia.com/loupan/p_smcaaiap/,11000元/平
红光镇红光路北一段299号,铂悦郡_成都铂悦郡楼盘详情(成都链家新房),http://cd.fang.lianjia.com/loupan/p_byjabbdf/,6600元/平
天府二街368号,绿地之窗_成都绿地之窗楼盘详情(成都链家新房),http://cd.fang.lianjia.com/loupan/p_ldzcabghj/,50000元/平
塔山路东2.5环迎晖路交汇处,中洲里程_成都中洲里程楼盘详情(成都链家新房),http://cd.fang.lianjia.com/loupan/p_zzlcaaxae/,15000元/平
芙蓉大道二段八一路99号,置信学府杏林一期_成都置信学府杏林一期楼盘详情(成都链家新房),http://cd.fang.lianjia.com/loupan/p_zxxfxlabcsd/,25000元/平
麓山大道二段,麓岭汇_成都麓岭汇楼盘详情(成都链家新房),http://cd.fang.lianjia.com/loupan/p_llhaakss/,17000元/平
西源大道1313号,成都合院一期_成都成都合院一期楼盘详情(成都链家新房),http://cd.fang.lianjia.com/loupan/p_cdhyyqabbma/,15000元/平
双楠果堰街,中海熙苑一期_成都中海熙苑一期楼盘详情(成都链家新房),http://cd.fang.lianjia.com/loupan/p_zhxyaarwp/,17500元/平
丽都路董家湾南街6号（蓝海office楼下）,丽都首府_成都丽都首府楼盘详情(成都链家新房),http://cd.fang.lianjia.com/loupan/p_ldsfabgmv/,35000元/平
天府路中段,龙城半岛_成都龙城半岛楼盘详情(成都链家新房),http://cd.fang.lianjia.com/loupan/p_undefinedabgja/,50000元/平
光华大道江浦路77号,棕榈长滩_成都棕榈长滩楼盘详情(成都链家新房),http://cd.fang.lianjia.com/loupan/p_zlctaasvj/,13000元/平
凤凰西七路28号,北城映像_成都北城映像楼盘详情(成都链家新房),http://cd.fang.lianjia.com/loupan/p_bcyxaapvl/,5000元/平
成华区圣地亚家居斜对面,金科星耀天都_成都金科星耀天都楼盘详情(成都链家新房),http://cd.fang.lianjia.com/loupan/p_jkxytdabgma/,20000元/平
光华东一路75号,荣盛花语城_成都荣盛花语城楼盘详情(成都链家新房),http://cd.fang.lianjia.com/loupan/p_rshycabdmg/,20000元/平
观岭大道1189号(金堂县观岭大道与中国会馆交汇处),华尔兹广场_成都华尔兹广场楼盘详情(成都链家新房),http://cd.fang.lianjia.com/loupan/p_hezgctaazdu/,4300元/平
同安街道办事处阳光大道8号(博瑞花园酒店对面),昂世半山观邸_成都昂世半山观邸楼盘详情(成都链家新房),http://cd.fang.lianjia.com/loupan/p_asbsgdaalec/,9000元/平
福锦路一段669号,中筑西府兰庭_成都中筑西府兰庭楼盘详情(成都链家新房),http://cd.fang.lianjia.com/loupan/p_zzxfltabesh/,42000元/平
西三环路三段草金立交内侧万顺二路155号,金阳不夜都_成都金阳不夜都楼盘详情(成都链家新房),http://cd.fang.lianjia.com/loupan/p_jybydabbik/,38000元/平
剑南大道延线（南湖公园以西）,南湖逸家二期_成都南湖逸家二期楼盘详情(成都链家新房),http://cd.fang.lianjia.com/loupan/p_nhyjaatiz/,35000元/平
龙泉驿区鲸龙路960号（新龙中对面）,绿林书院_成都绿林书院楼盘详情(成都链家新房),http://cd.fang.lianjia.com/loupan/p_llsyabjqo/,16000元/平
中环路锦绣大道段与金马河路交叉口东100米,梦魔方广场_成都梦魔方广场楼盘详情(成都链家新房),http://cd.fang.lianjia.com/loupan/p_twmmfabkgv/,17000元/平
二环路西一段155号（仁和春天对面）,天祥广场_成都天祥广场楼盘详情(成都链家新房),http://cd.fang.lianjia.com/loupan/p_txsfaadwh/,18000元/平
东升镇银河路8号（双流县图书馆旁）,隆鑫十里画卷_成都隆鑫十里画卷楼盘详情(成都链家新房),http://cd.fang.lianjia.com/loupan/p_lxslhjabglt/,25000元/平
崔家店路418号,成华奥园广场一期_成都成华奥园广场一期楼盘详情(成都链家新房),http://cd.fang.lianjia.com/loupan/p_chaygcyqabivi/,40000元/平
柳台大道88号,中铁丽景书香_成都中铁丽景书香楼盘详情(成都链家新房),http://cd.fang.lianjia.com/loupan/p_aajhz/,6000元/平
羊马镇崇阳大道2199号(金马湖大桥旁),嘉裕第六洲_成都嘉裕第六洲楼盘详情(成都链家新房),http://cd.fang.lianjia.com/loupan/p_jydlzaavbo/,314万/套
街子古镇三街路209号,青城山居_成都青城山居楼盘详情(成都链家新房),http://cd.fang.lianjia.com/loupan/p_qcsjaahel/,13000元/平
大邑县青霞镇分水社区1组88号,青霞山水卡伦德拉小镇_成都青霞山水卡伦德拉小镇楼盘详情(成都链家新房),http://cd.fang.lianjia.com/loupan/p_qxsskldlxzabhig/,8500元/平
成龙大道与银杏大道交汇处（三圣乡旁）,俊发星雅俊园_成都俊发星雅俊园楼盘详情(成都链家新房),http://cd.fang.lianjia.com/loupan/p_jfxyjyaaves/,11000元/平
峨眉山市绥山镇佛光南路,山水峨眉_成都山水峨眉楼盘详情(成都链家新房),http://cd.fang.lianjia.com/loupan/p_ssemabexp/,400万/套
泰兴镇白鹤岛风景区（新石路与成金青交汇处）,恒大上林苑_成都恒大上林苑楼盘详情(成都链家新房),http://cd.fang.lianjia.com/loupan/p_hdslyabast/,12000元/平
武汉路918号（乐盟国际学校旁）,融创玖棠府_成都融创玖棠府楼盘详情(成都链家新房),http://cd.fang.lianjia.com/loupan/p_rcjtfabjjx/,13800元/平
峨眉山市峨山镇温泉大道333号,峨眉时光_成都峨眉时光楼盘详情(成都链家新房),http://cd.fang.lianjia.com/loupan/p_emsgabiep/,13000元/平
贾家镇建设路172号,九武公馆_成都九武公馆楼盘详情(成都链家新房),http://cd.fang.lianjia.com/loupan/p_jwggaberg/,4200元/平
人民北路一段8号（西藏饭店旁）,北成星中心_成都北成星中心楼盘详情(成都链家新房),http://cd.fang.lianjia.com/loupan/p_bcxzxabgcl/,12000元/平
金枫路与青台山路交叉口西150米,天府逸家一期_成都天府逸家一期楼盘详情(成都链家新房),http://cd.fang.lianjia.com/loupan/p_tfyjyqabfsh/,28000元/平
金科南路（地铁2号线金科北路A出口500米）,保利国宾首府_成都保利国宾首府楼盘详情(成都链家新房),http://cd.fang.lianjia.com/loupan/p_blgbsfabfqy/,40000元/平
和美东路221号,海上海南苑_成都海上海南苑楼盘详情(成都链家新房),http://cd.fang.lianjia.com/loupan/p_hshabdmh/,30000元/平
兆景路139号,双楠尚品广场_成都双楠尚品广场楼盘详情(成都链家新房),http://cd.fang.lianjia.com/loupan/p_snspgcycabgmx/,30000元/平
青城山106国道旁（中心镇梅花村1、2、3组）,中铁水映青城_成都中铁水映青城楼盘详情(成都链家新房),http://cd.fang.lianjia.com/loupan/p_ztsyqcaazex/,13000元/平
永兴路1118号（永兴路与柳林路交叉口）,光华瑞廷_成都光华瑞廷楼盘详情(成都链家新房),http://cd.fang.lianjia.com/loupan/p_ghrtabgko/,40000元/平
天府四街1999号,朗基御今缘_成都朗基御今缘楼盘详情(成都链家新房),http://cd.fang.lianjia.com/loupan/p_ljyjyabbia/,40000元/平
北三环大天路保利城北中央生活区（保利城旁）,保利公园里_成都保利公园里楼盘详情(成都链家新房),http://cd.fang.lianjia.com/loupan/p_blgylabgba/,35000元/平
天府路88号,润扬双铁广场_成都润扬双铁广场楼盘详情(成都链家新房),http://cd.fang.lianjia.com/loupan/p_rystgcabfdm/,75000元/平
犀浦老成灌路与犀安路交汇处距地铁站约300米,蓝光幸福满庭_成都蓝光幸福满庭楼盘详情(成都链家新房),http://cd.fang.lianjia.com/loupan/p_lgxfmtabfjw/,50000元/平
蜀龙大道南段中央森林公园泥巴沱风景区,荣盛香堤荣府_成都荣盛香堤荣府楼盘详情(成都链家新房),http://cd.fang.lianjia.com/loupan/p_rsxdrfabdim/,8100元/平
大丰街道甫家一路289号,家益凤凰富居_成都家益凤凰富居楼盘详情(成都链家新房),http://cd.fang.lianjia.com/loupan/p_jyfhfjabfma/,16000元/平
五桂桥北路26号（双庆中学旁）,沙河湾_成都沙河湾楼盘详情(成都链家新房),http://cd.fang.lianjia.com/loupan/p_shwyxabdni/,10300元/平
华府大道一段(欧尚超市对面）,海伦印象_成都海伦印象楼盘详情(成都链家新房),http://cd.fang.lianjia.com/loupan/p_hlyxaaxql/,17000元/平
光华大道三段临温泉大道路口（4号线西部新城西站）,星光华印象_成都星光华印象楼盘详情(成都链家新房),http://cd.fang.lianjia.com/loupan/p_xghyxabgjz/,30000元/平
驿都西路118号,蓝润V客东都_成都蓝润V客东都楼盘详情(成都链家新房),http://cd.fang.lianjia.com/loupan/p_lrvkddaaqtx/,12600元/平
温江区光华大道三段399号,湟普国际_成都湟普国际楼盘详情(成都链家新房),http://cd.fang.lianjia.com/loupan/p_hpgjaafmi/,8718元/平
清波路77号,华润金悦湾_成都华润金悦湾楼盘详情(成都链家新房),http://cd.fang.lianjia.com/loupan/p_hrjywaactu/,405万/套
会龙大道（新川科技园旁）,蓝光金悦派_成都蓝光金悦派楼盘详情(成都链家新房),http://cd.fang.lianjia.com/loupan/p_lgjypabfvk/,50000元/平
华阳街道府河路与南湖路交汇处,北京街_成都北京街楼盘详情(成都链家新房),http://cd.fang.lianjia.com/loupan/p_cdbjjabcnf/,45000元/平
阳光城阳光大道2号,成龙1号_成都成龙1号楼盘详情(成都链家新房),http://cd.fang.lianjia.com/loupan/p_cl1haafny/,5800元/平
红光镇红光广场路四段216号（技师学院旁）,宇众悦城_成都宇众悦城楼盘详情(成都链家新房),http://cd.fang.lianjia.com/loupan/p_yzycaabcd/,5700元/平
双流东升街道航园路（棠湖中学实验学校旁）,棠府锦绣城_成都棠府锦绣城楼盘详情(成都链家新房),http://cd.fang.lianjia.com/loupan/p_tfjxcaarws/,7900元/平
武侯大道文昌段51号,绿地腾飞公馆_成都绿地腾飞公馆楼盘详情(成都链家新房),http://cd.fang.lianjia.com/loupan/p_ldwlggabhcc/,14500元/平
双建路建行正对面（原双建路79号）,成功悦都_成都成功悦都楼盘详情(成都链家新房),http://cd.fang.lianjia.com/loupan/p_cgydabawi/,13000元/平
益州大道中段1918号,嘉祥瑞庭南城_成都嘉祥瑞庭南城楼盘详情(成都链家新房),http://cd.fang.lianjia.com/loupan/p_jxrtncabghi/,45000元/平
成金青大道西侧，三环出城3公里处,保利湖心岛_成都保利湖心岛楼盘详情(成都链家新房),http://cd.fang.lianjia.com/loupan/p_blhxdaacui/,8300元/平
晋原镇北街289号,御金府_成都御金府楼盘详情(成都链家新房),http://cd.fang.lianjia.com/loupan/p_yjfabaxd/,5000元/平
新成彭路大天路出口左侧（博雅新城旁）,优品道珑苑_成都优品道珑苑楼盘详情(成都链家新房),http://cd.fang.lianjia.com/loupan/p_ypdlyaasbn/,8500元/平
昭觉寺南街260号,华润熙悦广场_成都华润熙悦广场楼盘详情(成都链家新房),http://cd.fang.lianjia.com/loupan/p_hrxygcaavxz/,9000元/平
古城镇蜀源大道三段588,蓉晶公馆_成都蓉晶公馆楼盘详情(成都链家新房),http://cd.fang.lianjia.com/loupan/p_rjggaabug/,4700元/平
西三环金牛大道金周路交汇处(金牛中学旁),保利学府城_成都保利学府城楼盘详情(成都链家新房),http://cd.fang.lianjia.com/loupan/p_blxfcaasep/,10800元/平
北大资源颐和雅郡,北大资源颐和雅郡一期_成都北大资源颐和雅郡一期楼盘详情(成都链家新房),http://cd.fang.lianjia.com/loupan/p_bdzyyhyjaaypq/,5300元/平
二环路南三段（紫荆电影城旁）,恒大山水城_成都恒大山水城楼盘详情(成都链家新房),http://cd.fang.lianjia.com/loupan/p_hdsscabbdg/,6000元/平
晋阳路与晋吉北路交汇处,龙湖金楠天街_成都龙湖金楠天街楼盘详情(成都链家新房),http://cd.fang.lianjia.com/loupan/p_lhjntjabffy/,40000元/平
站北中街8号,香澜坊_成都香澜坊楼盘详情(成都链家新房),http://cd.fang.lianjia.com/loupan/p_xlfaauqf/,11000元/平
武侯区沙堰街40号,亿通新天地_成都亿通新天地楼盘详情(成都链家新房),http://cd.fang.lianjia.com/loupan/p_ytxtdabfrn/,10000元/平
高新区中和街道新华社区二、五、六组,华润时光里_成都华润时光里楼盘详情(成都链家新房),http://cd.fang.lianjia.com/loupan/p_hrsglabgll/,30000元/平
乐山市名山南路西南交大东大门对面,峨眉青庐_成都峨眉青庐楼盘详情(成都链家新房),http://cd.fang.lianjia.com/loupan/p_emqlabewo/,410万/套
名山路南段188号,峨眉山与湖_成都峨眉山与湖楼盘详情(成都链家新房),http://cd.fang.lianjia.com/loupan/p_emsyhabdrq/,9000元/平
青龙巷28号,泰业城中城大厦_成都泰业城中城大厦楼盘详情(成都链家新房),http://cd.fang.lianjia.com/loupan/p_tyczcdsabdfl/,13000元/平
环岛路上段88号,广泽南庭_成都广泽南庭楼盘详情(成都链家新房),http://cd.fang.lianjia.com/loupan/p_gzntabeyk/,4000元/平
龙泉驿区鲸龙路960号（新龙中对面）,绿林书院_成都绿林书院楼盘详情(成都链家新房),http://cd.fang.lianjia.com/loupan/p_llsyabjqp/,16000元/平
新津县瑞通路138号,翡翠名邸_成都翡翠名邸楼盘详情(成都链家新房),http://cd.fang.lianjia.com/loupan/p_fcmdabiks/,24000元/平
福锦路一段669号,中筑西府兰庭_成都中筑西府兰庭楼盘详情(成都链家新房),http://cd.fang.lianjia.com/loupan/p_zzxfltabbin/,42000元/平
丽都路501号,丽都花园丽府_成都丽都花园丽府楼盘详情(成都链家新房),http://cd.fang.lianjia.com/loupan/p_zxldhylfabewg/,21000元/平
永宁镇芙蓉路518号,芙蓉古城八期CD区_成都芙蓉古城八期CD区楼盘详情(成都链家新房),http://cd.fang.lianjia.com/loupan/p_frgczwysqaamfs/,17000元/平
万福一路西（成灌快铁犀浦东站旁）,天璟荟_成都天璟荟楼盘详情(成都链家新房),http://cd.fang.lianjia.com/loupan/p_tjhabhpo/,28000元/平
犀浦镇万福新街45号,朗基少帅府_成都朗基少帅府楼盘详情(成都链家新房),http://cd.fang.lianjia.com/loupan/p_ljssfabcui/,35500元/平
仁寿县天府新区视高新城景观大道1号,天府国际城_成都天府国际城楼盘详情(成都链家新房),http://cd.fang.lianjia.com/loupan/p_tfgjcabgoy/,28000元/平
西三环金牛大道金周路交汇处(金牛中学旁),保利学府城_成都保利学府城楼盘详情(成都链家新房),http://cd.fang.lianjia.com/loupan/p_blxfcabfqz/,50000元/平
成温大道与武青路交汇处,元益花园_成都元益花园楼盘详情(成都链家新房),http://cd.fang.lianjia.com/loupan/p_yyhyaawpp/,11000元/平
红光镇幸福路北一段（思源学校对面）,公园1号_成都公园1号楼盘详情(成都链家新房),http://cd.fang.lianjia.com/loupan/p_gyaaljs/,7100元/平
南三环路南五段188号（蓝天立交桥旁边）,美洲花园棕榈湾_成都美洲花园棕榈湾楼盘详情(成都链家新房),http://cd.fang.lianjia.com/loupan/p_mzhyzlwaakst/,17000元/平
近慈路66号（石室中学后门石羊派出所旁）,成都文儒德_成都成都文儒德楼盘详情(成都链家新房),http://cd.fang.lianjia.com/loupan/p_zdwrdaarxg/,40000元/平
槐树店一路300号,鲁能城_成都鲁能城楼盘详情(成都链家新房),http://cd.fang.lianjia.com/loupan/p_lncabgjc/,50000元/平
双建路建行正对面（原双建路79号）,成功悦都_成都成功悦都楼盘详情(成都链家新房),http://cd.fang.lianjia.com/loupan/p_cgydabjlp/,25000元/平
双楠果堰街,中海熙苑一期_成都中海熙苑一期楼盘详情(成都链家新房),http://cd.fang.lianjia.com/loupan/p_zhxyyqabgmq/,35000元/平
中环路与永顺路交汇处,中环晓院_成都中环晓院楼盘详情(成都链家新房),http://cd.fang.lianjia.com/loupan/p_zhxyaawwn/,21000元/平
益州大道中段699号（天府一街与天府二街之间）,香月湖_成都香月湖楼盘详情(成都链家新房),http://cd.fang.lianjia.com/loupan/p_xyhabghp/,25000元/平
龙泉驿龙工北路南侧,皇冠湖壹号_成都皇冠湖壹号楼盘详情(成都链家新房),http://cd.fang.lianjia.com/loupan/p_hghyhabdfq/,30000元/平
聚龙路988号,武侯万达广场_成都武侯万达广场楼盘详情(成都链家新房),http://cd.fang.lianjia.com/loupan/p_whwdgcabdgs/,14000元/平
国宁东路499号,蜀鑫西TOWN_成都蜀鑫西TOWN楼盘详情(成都链家新房),http://cd.fang.lianjia.com/loupan/p_sxxtabfrb/,别名/蜀鑫西棠
铁军路588号（外江大桥与玉府路交叉口）,万达城_成都万达城楼盘详情(成都链家新房),http://cd.fang.lianjia.com/loupan/p_wdcaandk/,8000元/平
正通路(社保局对面),金座威尼谷_成都金座威尼谷楼盘详情(成都链家新房),http://cd.fang.lianjia.com/loupan/p_jzwngabglj/,33000元/平
崔家店南路2号,蓝光公园悦庭_成都蓝光公园悦庭楼盘详情(成都链家新房),http://cd.fang.lianjia.com/loupan/p_lggyytabbjt/,13600元/平
天府三街1599号（天府三街与南华路交汇处）,大源欢乐颂_成都大源欢乐颂楼盘详情(成都链家新房),http://cd.fang.lianjia.com/loupan/p_dyhlsaawsv/,15000元/平
天府大道中段500号,东方希望天祥广场_成都东方希望天祥广场楼盘详情(成都链家新房),http://cd.fang.lianjia.com/loupan/p_dfxwtxgcabfvd/,40000元/平
犀浦镇万福新街45号,朗基少帅府_成都朗基少帅府楼盘详情(成都链家新房),http://cd.fang.lianjia.com/loupan/p_ljssfabcua/,35500元/平
蓉都大道北段298号,圣桦公馆_成都圣桦公馆楼盘详情(成都链家新房),http://cd.fang.lianjia.com/loupan/p_shggabeyh/,7600元/平
北新大道斑竹园毗河生态开发区竹柳路118号,北领峰尚_成都北领峰尚楼盘详情(成都链家新房),http://cd.fang.lianjia.com/loupan/p_blfsaayxy/,9500元/平
一环路北四段108号（一环以内）,银海中心_成都银海中心楼盘详情(成都链家新房),http://cd.fang.lianjia.com/loupan/p_yhzxabcnh/,36000元/平
蜀都新城 创智公园南四路100号（创智公园正对面）,海骏达蜀都1号三期_成都海骏达蜀都1号三期楼盘详情(成都链家新房),http://cd.fang.lianjia.com/loupan/p_hjdsdsqaasfq/,6200元/平
成华区青龙街道白莲池苗圃基地（熊猫大道北富森美旁）,融创凯旋公馆_成都融创凯旋公馆楼盘详情(成都链家新房),http://cd.fang.lianjia.com/loupan/p_thkxggabfls/,18000元/平
双流北郊路39号,双都会_成都双都会楼盘详情(成都链家新房),http://cd.fang.lianjia.com/loupan/p_sdhabglz/,30000元/平
仁寿文林镇富强街126号,上城南苑_成都上城南苑楼盘详情(成都链家新房),http://cd.fang.lianjia.com/loupan/p_scnyabdjo/,6900元/平
万安镇麓山大道二段19号,雅居乐富春山居_成都雅居乐富春山居楼盘详情(成都链家新房),http://cd.fang.lianjia.com/loupan/p_yjlfcsjaascy/,16500元/平
城西绕城与永康路交汇处北侧,长岛国际社区_成都长岛国际社区楼盘详情(成都链家新房),http://cd.fang.lianjia.com/loupan/p_cdgjsqabfxh/,11000元/平
天府一街与益州大道交界处,中洲锦城湖岸_成都中洲锦城湖岸楼盘详情(成都链家新房),http://cd.fang.lianjia.com/loupan/p_zzjchaaaibm/,24000元/平
东升街道宜城大街一段333号,三里花城二期_成都三里花城二期楼盘详情(成都链家新房),http://cd.fang.lianjia.com/loupan/p_slhceqabdmt/,10000元/平
南江路666号（凤溪大道与南熏大道交汇处）,和信孔雀天成_成都和信孔雀天成楼盘详情(成都链家新房),http://cd.fang.lianjia.com/loupan/p_kqcaabrf/,7000元/平
老成灌路洪高路88号,龙城国际_成都龙城国际楼盘详情(成都链家新房),http://cd.fang.lianjia.com/loupan/p_lcgjabfdj/,50000元/平
高新区中柏大道观东一街1111号,乐活公社_成都乐活公社楼盘详情(成都链家新房),http://cd.fang.lianjia.com/loupan/p_lhgsabjpb/,13000元/平
天龙大道1333号（中铁产业园对面）,北斗七星城_成都北斗七星城楼盘详情(成都链家新房),http://cd.fang.lianjia.com/loupan/p_bdqxcabfrf/,40000元/平
涌泉街道江浦路2666号,金河谷五期_成都金河谷五期楼盘详情(成都链家新房),http://cd.fang.lianjia.com/loupan/p_aajtw/,12000元/平
华金大道三段55号（大弯中学旁）,凤凰名城_成都凤凰名城楼盘详情(成都链家新房),http://cd.fang.lianjia.com/loupan/p_fhmcaapyp/,4500元/平
成双大道中段鞋都南二路139号,鞋都风尚中心_成都鞋都风尚中心楼盘详情(成都链家新房),http://cd.fang.lianjia.com/loupan/p_xdfszxabbim/,35000元/平
天府大道北段1199号（高新国际广场旁）,银泰中心_成都银泰中心楼盘详情(成都链家新房),http://cd.fang.lianjia.com/loupan/p_ytzxaatmh/,45000元/平
剑南大道（成都七中高新校区对面）,中国铁建西派澜岸_成都中国铁建西派澜岸楼盘详情(成都链家新房),http://cd.fang.lianjia.com/loupan/p_zgtjxplaaavcv/,1000万/套
北新大道东（大天路旁）,保利城四期中央郡_成都保利城四期中央郡楼盘详情(成都链家新房),http://cd.fang.lianjia.com/loupan/p_blcsqzyjaaxal/,9800元/平
郫县犀埔镇校园路129号（西南交大西门对面）,西郡兰庭_成都西郡兰庭楼盘详情(成都链家新房),http://cd.fang.lianjia.com/loupan/p_xjlt1qaagya/,7500元/平
人民南路南延线麓山大道（成都实验外国语旁）,三利麓山城_成都三利麓山城楼盘详情(成都链家新房),http://cd.fang.lianjia.com/loupan/p_sllscaaegp/,9800元/平
北新干道毗河畔（香城大桥旁）,源上湾国际社区_成都源上湾国际社区楼盘详情(成都链家新房),http://cd.fang.lianjia.com/loupan/p_yswgjsqaaarz/,6500元/平
二环路东三段双庆路6号,华润二十四城七期_成都华润二十四城七期楼盘详情(成都链家新房),http://cd.fang.lianjia.com/loupan/p_hresscqqaasby/,15500元/平
三官堂街与龙舟路交汇处,望江名门_成都望江名门楼盘详情(成都链家新房),http://cd.fang.lianjia.com/loupan/p_jcypdsaaupy/,45000元/平
北新大道东（大天路旁）,保利城四期中央郡_成都保利城四期中央郡楼盘详情(成都链家新房),http://cd.fang.lianjia.com/loupan/p_blcsqzyjabfjx/,40000元/平
武科东二路90号,世豪嘉柏_成都世豪嘉柏楼盘详情(成都链家新房),http://cd.fang.lianjia.com/loupan/p_shjbabgkr/,35000元/平
滨江南路二段58号,愿景河之洲_成都愿景河之洲楼盘详情(成都链家新房),http://cd.fang.lianjia.com/loupan/p_yjhzzabbbs/,5000元/平
涌泉街道鹏程路166号,创＋理想城_成都创＋理想城楼盘详情(成都链家新房),http://cd.fang.lianjia.com/loupan/p_cxcabgey/,20000元/平
郫筒镇中信大道四段968号,中冶田园世界_成都中冶田园世界楼盘详情(成都链家新房),http://cd.fang.lianjia.com/loupan/p_zytysjaazdb/,5100元/平
道明镇白塔湖大道159号,康怡城邦_成都康怡城邦楼盘详情(成都链家新房),http://cd.fang.lianjia.com/loupan/p_fgysabdnc/,6700元/平
荟锦路265号,南城都汇汇彩园_成都南城都汇汇彩园楼盘详情(成都链家新房),http://cd.fang.lianjia.com/loupan/p_ncdhhcyabjqx/,45000元/平
锦江区东府街33号,东府九座_成都东府九座楼盘详情(成都链家新房),http://cd.fang.lianjia.com/loupan/p_dfjzabfgd/,17000元/平
峨眉山市绥山镇佛光南路,山水峨眉_成都山水峨眉楼盘详情(成都链家新房),http://cd.fang.lianjia.com/loupan/p_ssemabexo/,8000元/平
新津县瑞通路138号,时代广场_成都时代广场楼盘详情(成都链家新房),http://cd.fang.lianjia.com/loupan/p_sdgcabikq/,24000元/平
高新区天府三街855号（大源中央公园旁）,锦城南府猫先生_成都锦城南府猫先生楼盘详情(成都链家新房),http://cd.fang.lianjia.com/loupan/p_jcnfabbfo/,52000元/平
沈阳路（万安体育公园前行500米）,枫丹铂麓_成都枫丹铂麓楼盘详情(成都链家新房),http://cd.fang.lianjia.com/loupan/p_hnfdblabgaq/,30000元/平
剑南大道与天府四街交汇处,时代晶座_成都时代晶座楼盘详情(成都链家新房),http://cd.fang.lianjia.com/loupan/p_sdjzabhoq/,17000元/平
双楠果堰街,中海熙苑一期_成都中海熙苑一期楼盘详情(成都链家新房),http://cd.fang.lianjia.com/loupan/p_zhxyyqabgmr/,35000元/平
益州大道北段388号,城市春天_成都城市春天楼盘详情(成都链家新房),http://cd.fang.lianjia.com/loupan/p_csctabctp/,40000元/平
蜀龙路南段777号（三原外国语学校对面）,佳乐国际城_成都佳乐国际城楼盘详情(成都链家新房),http://cd.fang.lianjia.com/loupan/p_jlgjcabcmh/,13000元/平
北3.5环北新大道与天丰路交汇处,绿地城_成都绿地城楼盘详情(成都链家新房),http://cd.fang.lianjia.com/loupan/p_ldcabgli/,18000元/平
郫县梨园路一段528号,中铁奥维尔_成都中铁奥维尔楼盘详情(成都链家新房),http://cd.fang.lianjia.com/loupan/p_ztaweabgcv/,28000元/平
华逸路111号,嘉和瑞景_成都嘉和瑞景楼盘详情(成都链家新房),http://cd.fang.lianjia.com/loupan/p_jhrjabbag/,4000元/平
经开区龙华路东侧三盛都会城,三盛都会城_成都三盛都会城楼盘详情(成都链家新房),http://cd.fang.lianjia.com/loupan/p_ssdhcaaegx/,4000元/平
聚龙路1251号,万茂UIC_成都万茂UIC楼盘详情(成都链家新房),http://cd.fang.lianjia.com/loupan/p_wmuabbip/,37000元/平
凤凰大道二段888号（凤凰湖公园正对面）,凤凰1号_成都凤凰1号楼盘详情(成都链家新房),http://cd.fang.lianjia.com/loupan/p_fhaapym/,5000元/平
天府大道金江路440号,天府丽都_成都天府丽都楼盘详情(成都链家新房),http://cd.fang.lianjia.com/loupan/p_tfldabdzp/,5500元/平
犀浦镇银河西街99号（地铁2号线天河路站D出口）,合能橙中心_成都合能橙中心楼盘详情(成都链家新房),http://cd.fang.lianjia.com/loupan/p_hnczxabcgk/,27000元/平
金河路与西安路交汇处（凤翔湖旁）,北大资源公园1898_成都北大资源公园1898楼盘详情(成都链家新房),http://cd.fang.lianjia.com/loupan/p_bdzygyabbhj/,35000元/平
上沙河铺街66号（地铁2号线塔子山公园站旁）,COSMO天廊_成都COSMO天廊楼盘详情(成都链家新房),http://cd.fang.lianjia.com/loupan/p_ctlaawvf/,23000元/平
青城山大三路2号,龙湖小院青城_成都龙湖小院青城楼盘详情(成都链家新房),http://cd.fang.lianjia.com/loupan/p_lhxyqcaaypr/,15000元/平
赵镇中兴寺路188号（金堂县新金堂中学对面）,恒合时代城_成都恒合时代城楼盘详情(成都链家新房),http://cd.fang.lianjia.com/loupan/p_hhsdcabkjl/,5000元/平
广福路99号（高架桥红牌路西站旁边）,金科双楠天都_成都金科双楠天都楼盘详情(成都链家新房),http://cd.fang.lianjia.com/loupan/p_jksntdabfhv/,80000元/平
大邑县青霞镇分水社区1组88号,青霞山水卡伦德拉小镇_成都青霞山水卡伦德拉小镇楼盘详情(成都链家新房),http://cd.fang.lianjia.com/loupan/p_qxsskldlxzeqabdpl/,125万/套
南江路666号（凤溪大道与南熏大道交汇处）,和信孔雀天成_成都和信孔雀天成楼盘详情(成都链家新房),http://cd.fang.lianjia.com/loupan/p_hxkqtcabgkq/,25000元/平
崔家店路52号,中粮锦云_成都中粮锦云楼盘详情(成都链家新房),http://cd.fang.lianjia.com/loupan/p_zljyabgje/,45000元/平
大丰镇华美村,北新国际广场_成都北新国际广场楼盘详情(成都链家新房),http://cd.fang.lianjia.com/loupan/p_bxgjgcabggy/,20000元/平
成温大道与武青路交汇处,元益花园_成都元益花园楼盘详情(成都链家新房),http://cd.fang.lianjia.com/loupan/p_yyhyabfdk/,41000元/平
中和大道二段69号,红树湾_成都红树湾楼盘详情(成都链家新房),http://cd.fang.lianjia.com/loupan/p_hswaacow/,19000元/平
麓山大道二段19号附6号,雅居乐十里花巷_成都雅居乐十里花巷楼盘详情(成都链家新房),http://cd.fang.lianjia.com/loupan/p_undefinedabjrw/,10000元/平
西航港街道黄河中路二段388号,蓝光T5_成都蓝光T5楼盘详情(成都链家新房),http://cd.fang.lianjia.com/loupan/p_lgtyaaxdj/,12000元/平
江源南路（妇幼保健院旁）,隆腾公元壹号_成都隆腾公元壹号楼盘详情(成都链家新房),http://cd.fang.lianjia.com/loupan/p_ltgyyhaazbl/,5500元/平
东升双楠大道中段远大林语城,远大林语城_成都远大林语城楼盘详情(成都链家新房),http://cd.fang.lianjia.com/loupan/p_ydlycaausj/,11000元/平
鲸龙路（航天医院对面）,福泉中心_成都福泉中心楼盘详情(成都链家新房),http://cd.fang.lianjia.com/loupan/p_fqzxaawie/,20000元/平
金泉街道高家社区2组（金科路小学旁）,华宇西城雅郡_成都华宇西城雅郡楼盘详情(成都链家新房),http://cd.fang.lianjia.com/loupan/p_hyxcyjaacuo/,11000元/平
提督街99号（近四川国际大厦E区）,恒大广场_成都恒大广场楼盘详情(成都链家新房),http://cd.fang.lianjia.com/loupan/p_hdhzgcaamoj/,30000元/平
武侯区沙堰街40号,亿通新天地_成都亿通新天地楼盘详情(成都链家新房),http://cd.fang.lianjia.com/loupan/p_ytxtdabewz/,40000元/平
金沙遗址路68号,公元西_成都公元西楼盘详情(成都链家新房),http://cd.fang.lianjia.com/loupan/p_gyxabfgb/,37000元/平
西河镇成洛大道3199号（九峰国际汽车成附近）,雄飞生活广场_成都雄飞生活广场楼盘详情(成都链家新房),http://cd.fang.lianjia.com/loupan/p_xfshgcaahvz/,7600元/平
西河大道295号,金泉香槟城_成都金泉香槟城楼盘详情(成都链家新房),http://cd.fang.lianjia.com/loupan/p_jqxbcaapxu/,9000元/平
协和街道顺兴路一段100号,格林城四期_成都格林城四期楼盘详情(成都链家新房),http://cd.fang.lianjia.com/loupan/p_glcsqabdor/,11500元/平
东三环路桂林西路18号,恒大锦城_成都恒大锦城楼盘详情(成都链家新房),http://cd.fang.lianjia.com/loupan/p_hdjcabevz/,10192元/平
中和中柏大道（格林君典旁）,新景鼎南川宇_成都新景鼎南川宇楼盘详情(成都链家新房),http://cd.fang.lianjia.com/loupan/p_xjdncyabatx/,12650元/平
驿都西路3666号,炜岸城二期_成都炜岸城二期楼盘详情(成都链家新房),http://cd.fang.lianjia.com/loupan/p_waceqabfli/,300万/套
华府大道2段265号(华阳剑南大道欧尚旁),三都汇朝外_成都三都汇朝外楼盘详情(成都链家新房),http://cd.fang.lianjia.com/loupan/p_sdhcwabgms/,25000元/平
日月大道1501号,万和中心_成都万和中心楼盘详情(成都链家新房),http://cd.fang.lianjia.com/loupan/p_qywhzxabbzf/,9700元/平
天府大道与天府五街交汇处（锦江旁）,保利锦江里_成都保利锦江里楼盘详情(成都链家新房),http://cd.fang.lianjia.com/loupan/p_bljjlaasgl/,14000元/平
天府三街288号,大有智慧_成都大有智慧楼盘详情(成都链家新房),http://cd.fang.lianjia.com/loupan/p_dyzhabfwm/,45000元/平
正府街77号（中国银行大厦背后）,SG珊顿道_成都SG珊顿道楼盘详情(成都链家新房),http://cd.fang.lianjia.com/loupan/p_sgsddaaclh/,20000元/平
东大路下沙河铺街和大凉山路交界处（塔子山公园旁）,恒大望江华府_成都恒大望江华府楼盘详情(成都链家新房),http://cd.fang.lianjia.com/loupan/p_hdwjhfaaury/,16000元/平
天府大道与天府一街交汇处（地铁1号线世纪城北行500米）,IMC国际广场_成都IMC国际广场楼盘详情(成都链家新房),http://cd.fang.lianjia.com/loupan/p_imcgjgcaatfb/,20000元/平
红光镇幸福路北一段（思源学校对面）,公园1号_成都公园1号楼盘详情(成都链家新房),http://cd.fang.lianjia.com/loupan/p_gyabdwp/,25000元/平
二环路南四段19号,檀香山公园里_成都檀香山公园里楼盘详情(成都链家新房),http://cd.fang.lianjia.com/loupan/p_txsgylabfkw/,25000元/平
天府大道南段会龙大道内,中铁城锦南汇_成都中铁城锦南汇楼盘详情(成都链家新房),http://cd.fang.lianjia.com/loupan/p_undefinedabfwe/,40000元/平
涌泉街道鹏程路166号,创＋理想城_成都创＋理想城楼盘详情(成都链家新房),http://cd.fang.lianjia.com/loupan/p_cxcabgjy/,33000元/平
新津县瑞通路138号,翡翠湾纯水岸_成都翡翠湾纯水岸楼盘详情(成都链家新房),http://cd.fang.lianjia.com/loupan/p_fcwcsaabikn/,24000元/平
商贸大道二段189号,华霖金贸商厦_成都华霖金贸商厦楼盘详情(成都链家新房),http://cd.fang.lianjia.com/loupan/p_hldjcabckk/,60000元/平
中铁产业园旁（九道堰北站附近）,碧桂园城市花园_成都碧桂园城市花园楼盘详情(成都链家新房),http://cd.fang.lianjia.com/loupan/p_bgycshyabfeg/,40000元/平
蜀都新城 创智公园南四路100号（创智公园正对面）,海骏达蜀都1号三期_成都海骏达蜀都1号三期楼盘详情(成都链家新房),http://cd.fang.lianjia.com/loupan/p_hjdsdsqabgjj/,40000元/平
大学城兰家店路200号（九州影院旁）,鹭洲城邦_成都鹭洲城邦楼盘详情(成都链家新房),http://cd.fang.lianjia.com/loupan/p_lzcbabkjq/,4700元/平
长融东二路,交大梦家_成都交大梦家楼盘详情(成都链家新房),http://cd.fang.lianjia.com/loupan/p_jdmjaarxy/,10500元/平
聚龙路168号（武侯万达广场旁）,金隅大成珑熙郡_成都金隅大成珑熙郡楼盘详情(成都链家新房),http://cd.fang.lianjia.com/loupan/p_jydclxjaairy/,12500元/平
万福一路西（成灌快铁犀浦东站旁）,天璟荟_成都天璟荟楼盘详情(成都链家新房),http://cd.fang.lianjia.com/loupan/p_tjhaawke/,8000元/平
花圃路1号（第四人民医院对面）,中房北极星花园_成都中房北极星花园楼盘详情(成都链家新房),http://cd.fang.lianjia.com/loupan/p_zfbjxhyabfdp/,80000元/平
益州大道中段555号,星宸国际_成都星宸国际楼盘详情(成都链家新房),http://cd.fang.lianjia.com/loupan/p_xcgjabfwh/,20000元/平
聚龙路1251号,万茂UIC_成都万茂UIC楼盘详情(成都链家新房),http://cd.fang.lianjia.com/loupan/p_wmuabbxy/,11000元/平
成华区物流大道与蜀龙路交汇处(成都市2.5环),蓝光乐彩城_成都蓝光乐彩城楼盘详情(成都链家新房),http://cd.fang.lianjia.com/loupan/p_lgyccabglx/,18000元/平
晋吉北路66号,邻里中央_成都邻里中央楼盘详情(成都链家新房),http://cd.fang.lianjia.com/loupan/p_llzyaatij/,10000元/平
五块石玉居庵东路116号（红旗连锁旁）,中铁瑞景汇中心_成都中铁瑞景汇中心楼盘详情(成都链家新房),http://cd.fang.lianjia.com/loupan/p_ztrjhzxabbhk/,30000元/平
红光镇红光路（公园1号旁）,上善天成_成都上善天成楼盘详情(成都链家新房),http://cd.fang.lianjia.com/loupan/p_aaezl/,7000元/平
新津县瑞通路138号,翡翠中心_成都翡翠中心楼盘详情(成都链家新房),http://cd.fang.lianjia.com/loupan/p_fczxabikp/,5700元/平
北泉路龙泉二中旁,中心城_成都中心城楼盘详情(成都链家新房),http://cd.fang.lianjia.com/loupan/p_zxcaayuc/,6750元/平
双楠大道与白河路交汇处（双流新党校旁）,威兰德小镇_成都威兰德小镇楼盘详情(成都链家新房),http://cd.fang.lianjia.com/loupan/p_wldxzabgly/,38000元/平
洪河镇白鹤村6组,东原晴天见_成都东原晴天见楼盘详情(成都链家新房),http://cd.fang.lianjia.com/loupan/p_dyqtjaaunm/,12000元/平
建功路66号（荣新加油站东南方900米）,蓝光雍锦阁_成都蓝光雍锦阁楼盘详情(成都链家新房),http://cd.fang.lianjia.com/loupan/p_lgyjgaaqcp/,18500元/平
高新区府城大道西段505号,仁和春天国际广场_成都仁和春天国际广场楼盘详情(成都链家新房),http://cd.fang.lianjia.com/loupan/p_rhctgcabdyz/,14000元/平
金泉路12号,泽瑞西园_成都泽瑞西园楼盘详情(成都链家新房),http://cd.fang.lianjia.com/loupan/p_zrxyaatgl/,780万/套
一环路与蒲阳路交汇处,宁江大院三期_成都宁江大院三期楼盘详情(成都链家新房),http://cd.fang.lianjia.com/loupan/p_njdyaapyb/,8000元/平
锦江区茶花街与杨树街交汇,首开龙湖天璞_成都首开龙湖天璞楼盘详情(成都链家新房),http://cd.fang.lianjia.com/loupan/p_sklhtpabkry/,78万/套
蟠龙南路66号,牡丹名城_成都牡丹名城楼盘详情(成都链家新房),http://cd.fang.lianjia.com/loupan/p_mdmcaazci/,4600元/平
安靖镇丰收巷288号,卡碧蓝湾_成都卡碧蓝湾楼盘详情(成都链家新房),http://cd.fang.lianjia.com/loupan/p_kblwabjnb/,9000元/平
望丛西路299号,华侨凤凰国际城_成都华侨凤凰国际城楼盘详情(成都链家新房),http://cd.fang.lianjia.com/loupan/p_hqfhgjcabexb/,35000元/平
人民北路一段8号（西藏饭店旁）,北成星中心_成都北成星中心楼盘详情(成都链家新房),http://cd.fang.lianjia.com/loupan/p_bcxzxabgdj/,35000元/平
新都区北新大道西侧（毗河香城大桥畔 ）,北欧知识城二期_成都北欧知识城二期楼盘详情(成都链家新房),http://cd.fang.lianjia.com/loupan/p_bozsceqabdmn/,6500元/平
东中环二仙桥北一路,理想城_成都理想城楼盘详情(成都链家新房),http://cd.fang.lianjia.com/loupan/p_lxcabexj/,12000元/平
一环路西一段31号（成都体育学院向北前行约200米）,天朗锦邸_成都天朗锦邸楼盘详情(成都链家新房),http://cd.fang.lianjia.com/loupan/p_tljdabgnc/,35000元/平
昭觉寺横路80号,台州商人大厦_成都台州商人大厦楼盘详情(成都链家新房),http://cd.fang.lianjia.com/loupan/p_tzsrdsabcfh/,35000元/平
柳台大道88号,中铁丽景书香_成都中铁丽景书香楼盘详情(成都链家新房),http://cd.fang.lianjia.com/loupan/p_ztljsxabfjv/,10000元/平
东丽街与东紫路交汇处（动物园东大门）,青龙广场_成都青龙广场楼盘详情(成都链家新房),http://cd.fang.lianjia.com/loupan/p_qlgcabcel/,35000元/平
鹏程路801号,彩叠园1B期_成都彩叠园1B期楼盘详情(成都链家新房),http://cd.fang.lianjia.com/loupan/p_cdyqabkxk/,20000元/平
花苑镇丽景路428号,龙湖悠山郡_成都龙湖悠山郡楼盘详情(成都链家新房),http://cd.fang.lianjia.com/loupan/p_lhysjaaeez/,250万/套
郫县蜀都新城蜀信东路,五彩城_成都五彩城楼盘详情(成都链家新房),http://cd.fang.lianjia.com/loupan/p_wccaaecd/,4800元/平
金盆地大道168号（新公安局旁）,泰江兰庭二期_成都泰江兰庭二期楼盘详情(成都链家新房),http://cd.fang.lianjia.com/loupan/p_tjlteqabbbj/,4800元/平
寿安镇（陈家桅杆附近）,乐古浪_成都乐古浪楼盘详情(成都链家新房),http://cd.fang.lianjia.com/loupan/p_yglaabmd/,5700元/平
天府大道与天府一街交汇处（地铁世纪城站北行300米）,世龙广场_成都世龙广场楼盘详情(成都链家新房),http://cd.fang.lianjia.com/loupan/p_slgcabfvc/,40000元/平
交子大道998号,润富国际花园_成都润富国际花园楼盘详情(成都链家新房),http://cd.fang.lianjia.com/loupan/p_rfgjhyaavcg/,22000元/平
中和中柏大道（格林君典旁）,新景鼎南川宇_成都新景鼎南川宇楼盘详情(成都链家新房),http://cd.fang.lianjia.com/loupan/p_xjdncyabcmy/,45000元/平
牧马镇莲花村,恒大金碧天下果岭苑_成都恒大金碧天下果岭苑楼盘详情(成都链家新房),http://cd.fang.lianjia.com/loupan/p_hdjbtxaaibq/,8700元/平
红光镇幸福路北一段（思源学校对面）,公园1号_成都公园1号楼盘详情(成都链家新房),http://cd.fang.lianjia.com/loupan/p_gyabdwr/,25000元/平
三圣乡成龙大道二段北大附小正对门（川师成龙校区旁）,天府逸家二期_成都天府逸家二期楼盘详情(成都链家新房),http://cd.fang.lianjia.com/loupan/p_tfyjeqabfso/,27000元/平
龙泉驿区西河镇成洛大道(西南食品城旁),招商依云上城_成都招商依云上城楼盘详情(成都链家新房),http://cd.fang.lianjia.com/loupan/p_zsyyscabfbv/,30000元/平
致和镇西河西路9号,万都城_成都万都城楼盘详情(成都链家新房),http://cd.fang.lianjia.com/loupan/p_wdcabjao/,8000元/平
天府二街1033号（天府二街与南华路交汇处）,建发鹭洲国际_成都建发鹭洲国际楼盘详情(成都链家新房),http://cd.fang.lianjia.com/loupan/p_jflzgjabgjn/,40000元/平
新都北大门川陕路（蓉都大道润扬双河鹭岛旁）,三佳悦都_成都三佳悦都楼盘详情(成都链家新房),http://cd.fang.lianjia.com/loupan/p_sjydabfmh/,8600元/平
华府大道一段(欧尚超市对面）,海伦印象_成都海伦印象楼盘详情(成都链家新房),http://cd.fang.lianjia.com/loupan/p_hlyxabglv/,30000元/平
光华大道一段西非物质文化遗产博览园对面（地铁四号线非遗博览园站）,佳兆业广场_成都佳兆业广场楼盘详情(成都链家新房),http://cd.fang.lianjia.com/loupan/p_jzygcabfht/,25000元/平
崇阳大道100号（羊马湿地公园旁）,恒大银海湖_成都恒大银海湖楼盘详情(成都链家新房),http://cd.fang.lianjia.com/loupan/p_hdyhhablht/,8500元/平
天府新区万安街道海昌南路南侧,海伦天麓_成都海伦天麓楼盘详情(成都链家新房),http://cd.fang.lianjia.com/loupan/p_hltlabjpe/,40000元/平
牧马山（长桥郡旁）,蓝泊湾_成都蓝泊湾楼盘详情(成都链家新房),http://cd.fang.lianjia.com/loupan/p_lbwabayg/,6500元/平
科锦路355号（川农大旁）,锦汇城_成都锦汇城楼盘详情(成都链家新房),http://cd.fang.lianjia.com/loupan/p_jhcabgfo/,25000元/平
大丰三环凤凰山森林公园凤凰山1号,凤凰山1号_成都凤凰山1号楼盘详情(成都链家新房),http://cd.fang.lianjia.com/loupan/p_fhs1hyxaaxat/,5900元/平
南湖风景区南岸河滨路中段（二江寺水文化主题游园旁）,天府美岸_成都天府美岸楼盘详情(成都链家新房),http://cd.fang.lianjia.com/loupan/p_tfmaabfsl/,40000元/平
槐树店一路300号,鲁能城_成都鲁能城楼盘详情(成都链家新房),http://cd.fang.lianjia.com/loupan/p_lncaaqof/,17000元/平
凤溪大道778号,恒大名城_成都恒大名城楼盘详情(成都链家新房),http://cd.fang.lianjia.com/loupan/p_hdmcaaurl/,9100元/平
剑南大道与锦城大道交汇处(新锦城湖畔天府石室中学旁),保利锦湖林语_成都保利锦湖林语楼盘详情(成都链家新房),http://cd.fang.lianjia.com/loupan/p_bljhlyabfvh/,35000元/平
牧华路三段1789号,海伦春天_成都海伦春天楼盘详情(成都链家新房),http://cd.fang.lianjia.com/loupan/p_hlctabdvn/,40000元/平
凤翔大道1001号（政同通西路旁）,恒大新城_成都恒大新城楼盘详情(成都链家新房),http://cd.fang.lianjia.com/loupan/p_hdxcabgkn/,14000元/平
世纪城新会展中心418号（天鹅湖畔）,龙湖世纪峰景_成都龙湖世纪峰景楼盘详情(成都链家新房),http://cd.fang.lianjia.com/loupan/p_lhsjfjabbhi/,48000元/平
天府东路88号,碧美恋城公馆_成都碧美恋城公馆楼盘详情(成都链家新房),http://cd.fang.lianjia.com/loupan/p_bmlcggaazcd/,4200元/平
西三环蜀鑫路与清波路交汇处（华润金悦湾对面）,海亮樾金沙_成都海亮樾金沙楼盘详情(成都链家新房),http://cd.fang.lianjia.com/loupan/p_hlyjsaatfd/,22000元/平
蜀龙大道北段（石油大学西门对面）,思学园智能村_成都思学园智能村楼盘详情(成都链家新房),http://cd.fang.lianjia.com/loupan/p_sxyzncaabdb/,8600元/平
前卫街12号,昆仑华庭_成都昆仑华庭楼盘详情(成都链家新房),http://cd.fang.lianjia.com/loupan/p_klhtaarwr/,28000元/平
天府新城南（成雅高速邓双出口下行500米）,亚特兰蒂斯黄金时代_成都亚特兰蒂斯黄金时代楼盘详情(成都链家新房),http://cd.fang.lianjia.com/loupan/p_ytldshjsdaaegi/,700万/套
阳光城幸福大道333号,华府幸福城_成都华府幸福城楼盘详情(成都链家新房),http://cd.fang.lianjia.com/loupan/p_hfxfcaauqi/,7600元/平
普兴镇骑龙村5组,恒大天府城邦_成都恒大天府城邦楼盘详情(成都链家新房),http://cd.fang.lianjia.com/loupan/p_hdtfcbaaype/,8000元/平
新都区蜀龙路1980号（三环蜀龙路熊猫基地旁）,保利公园198观岭台_成都保利公园198观岭台楼盘详情(成都链家新房),http://cd.fang.lianjia.com/loupan/p_bllfydaamnr/,10000元/平
华府大道一段(欧尚超市对面）,海伦印象_成都海伦印象楼盘详情(成都链家新房),http://cd.fang.lianjia.com/loupan/p_hlyxaauhr/,16000元/平
西三环与万兴路交界处,阳光城檀府_成都阳光城檀府楼盘详情(成都链家新房),http://cd.fang.lianjia.com/loupan/p_ygctfabexk/,17000元/平
跳蹬河南路18号,成华奥园广场二期_成都成华奥园广场二期楼盘详情(成都链家新房),http://cd.fang.lianjia.com/loupan/p_chaygceqaausi/,13800元/平
清泉南街399号（骑士大道和花土路交汇处）,合能珍宝琥珀三期_成都合能珍宝琥珀三期楼盘详情(成都链家新房),http://cd.fang.lianjia.com/loupan/p_hnzbhpsqaaljc/,5500元/平
天乡路86号,鹭湖宫八区_成都鹭湖宫八区楼盘详情(成都链家新房),http://cd.fang.lianjia.com/loupan/p_lhgaaygs/,5500元/平
天府四街1999号,朗基御今缘_成都朗基御今缘楼盘详情(成都链家新房),http://cd.fang.lianjia.com/loupan/p_ljyjyabcfl/,40000元/平
都江堰市玉堂镇二环路铁军路段,中信云栖谷_成都中信云栖谷楼盘详情(成都链家新房),http://cd.fang.lianjia.com/loupan/p_zxyqgaaeam/,370万/套
交子大道南沿线228号,誉峰_成都誉峰楼盘详情(成都链家新房),http://cd.fang.lianjia.com/loupan/p_yfyjabevn/,58000元/平
新津县瑞通路138号,翡翠中心_成都翡翠中心楼盘详情(成都链家新房),http://cd.fang.lianjia.com/loupan/p_fczxabiko/,24000元/平
郫花路299号（郫花路与关柏路交汇处）,花样年龙年中心_成都花样年龙年中心楼盘详情(成都链家新房),http://cd.fang.lianjia.com/loupan/p_hynlngjzxabfde/,23000元/平
成华区锦绣大道段大渡河路交汇处,荣盛香榭兰庭一期_成都荣盛香榭兰庭一期楼盘详情(成都链家新房),http://cd.fang.lianjia.com/loupan/p_rsxxltyqabird/,30000元/平
西货站路207号,融创观玺台花园_成都融创观玺台花园楼盘详情(成都链家新房),http://cd.fang.lianjia.com/loupan/p_rcgxtabceq/,30000元/平
天府大道中段500号,东方希望天祥广场_成都东方希望天祥广场楼盘详情(成都链家新房),http://cd.fang.lianjia.com/loupan/p_dfxwtxgcabdzc/,13700元/平
麓山大道二段19号附7号,雅居乐十年雅墅_成都雅居乐十年雅墅楼盘详情(成都链家新房),http://cd.fang.lianjia.com/loupan/p_yjlsnysabcpu/,16000元/平
成华区中环路锦绣大道段4599号,荣盛香榭兰庭二期_成都荣盛香榭兰庭二期楼盘详情(成都链家新房),http://cd.fang.lianjia.com/loupan/p_rsxxlteqabirf/,30000元/平
南湖北路121号,南湖世纪_成都南湖世纪楼盘详情(成都链家新房),http://cd.fang.lianjia.com/loupan/p_nhsjaabsn/,11500元/平
双流区优品道  优品时代,城南优品道_成都城南优品道楼盘详情(成都链家新房),http://cd.fang.lianjia.com/loupan/p_cnypdabjpv/,8000元/平
国宁东路666号(成都外国语学校旁),鼎犀名城_成都鼎犀名城楼盘详情(成都链家新房),http://cd.fang.lianjia.com/loupan/p_dxmcaaejy/,8300元/平
茶花街106号,锦江逸家_成都锦江逸家楼盘详情(成都链家新房),http://cd.fang.lianjia.com/loupan/p_jjyjabdia/,42000元/平
双流区优品道  优品时代,城南优品道_成都城南优品道楼盘详情(成都链家新房),http://cd.fang.lianjia.com/loupan/p_cnypdabjpw/,7500元/平
大面街道办事处新建路118号,百悦城142_成都百悦城142楼盘详情(成都链家新房),http://cd.fang.lianjia.com/loupan/p_bycsqaaxfr/,7500元/平
东御街88号,星汇广场_成都星汇广场楼盘详情(成都链家新房),http://cd.fang.lianjia.com/loupan/p_xhgcaatig/,25000元/平
北新大道2599号,中海外北岛_成都中海外北岛楼盘详情(成都链家新房),http://cd.fang.lianjia.com/loupan/p_zhwbdabbet/,4500元/平
荆顺东街235号,维多利亚富御_成都维多利亚富御楼盘详情(成都链家新房),http://cd.fang.lianjia.com/loupan/p_wdlyfyaaarq/,9200元/平
二环路东四段外侧汇源东路88号,仁恒滨河湾_成都仁恒滨河湾楼盘详情(成都链家新房),http://cd.fang.lianjia.com/loupan/p_rhbhwaaegy/,26000元/平
南熏大道二段875号（南熏大道和柳林路交汇处）,积家御景_成都积家御景楼盘详情(成都链家新房),http://cd.fang.lianjia.com/loupan/p_jjyjabdgi/,30000元/平
跳蹬河南路18号,成华奥园广场二期_成都成华奥园广场二期楼盘详情(成都链家新房),http://cd.fang.lianjia.com/loupan/p_chaygceqabjow/,35000元/平
双楠大道中段888号（双楠大道和星空路交汇处）,汇都商贸城_成都汇都商贸城楼盘详情(成都链家新房),http://cd.fang.lianjia.com/loupan/p_hdsmcabazd/,6500元/平
中环五道口（成都理工大斜对面）,上寓_成都上寓楼盘详情(成都链家新房),http://cd.fang.lianjia.com/loupan/p_jsgcaazch/,9500元/平
天府大道与天府一街交汇处（地铁1号线世纪城北行500米）,IMC国际广场_成都IMC国际广场楼盘详情(成都链家新房),http://cd.fang.lianjia.com/loupan/p_imcgjgcaativ/,23000元/平
西三环蜀鑫路与清波路交汇处（华润金悦湾对面）,海亮樾金沙_成都海亮樾金沙楼盘详情(成都链家新房),http://cd.fang.lianjia.com/loupan/p_hlyjsabdge/,45000元/平
街子古镇金鱼街1号（青城神韵一期旁）,青城神韵二期_成都青城神韵二期楼盘详情(成都链家新房),http://cd.fang.lianjia.com/loupan/p_qcsyeqabazc/,8500元/平
蜀龙大道中段（198公园对面）,中洲中央公园_成都中洲中央公园楼盘详情(成都链家新房),http://cd.fang.lianjia.com/loupan/p_zzzygyaabkm/,10000元/平
学苑路456号（大弯中学旁边）,广泽长河郡_成都广泽长河郡楼盘详情(成都链家新房),http://cd.fang.lianjia.com/loupan/p_gzchjabjps/,13000元/平
天府大道中段1388号,花样年美年广场_成都花样年美年广场楼盘详情(成都链家新房),http://cd.fang.lianjia.com/loupan/p_mngcabifq/,45000元/平
新民镇新河西街（大成街旁）,香城润园_成都香城润园楼盘详情(成都链家新房),http://cd.fang.lianjia.com/loupan/p_xcryabaze/,4500元/平
北星大道与兴城大道交汇处（海宁皮革城斜对面）,合能珍宝锦城_成都合能珍宝锦城楼盘详情(成都链家新房),http://cd.fang.lianjia.com/loupan/p_hnzbjcaarwn/,6000元/平
新义西街96号,神仙树缤纷_成都神仙树缤纷楼盘详情(成都链家新房),http://cd.fang.lianjia.com/loupan/p_sxsbfabbid/,20000元/平
金融城交子大道（天府国际金融中心旁）,中国华商金融中心_成都中国华商金融中心楼盘详情(成都链家新房),http://cd.fang.lianjia.com/loupan/p_zghsjrzxabdyy/,22000元/平
驿都西路118号,蓝润V客东都_成都蓝润V客东都楼盘详情(成都链家新房),http://cd.fang.lianjia.com/loupan/p_lrvkddabkfl/,28000元/平
益州大道和天府五街交汇处,融创NANO公馆_成都融创NANO公馆楼盘详情(成都链家新房),http://cd.fang.lianjia.com/loupan/p_zygjabien/,16000元/平
红牌楼佳灵路6号,南棠蜜地_成都南棠蜜地楼盘详情(成都链家新房),http://cd.fang.lianjia.com/loupan/p_ntmdaamsp/,13000元/平
新华大道二段（金马国际体育城旁）,金穗苑_成都金穗苑楼盘详情(成都链家新房),http://cd.fang.lianjia.com/loupan/p_jsyaaunc/,6000元/平
成都市金牛区育仁西路18号,龙湖西宸原著御景_成都龙湖西宸原著御景楼盘详情(成都链家新房),http://cd.fang.lianjia.com/loupan/p_lhxcyzeqabkhl/,14000元/平
晋吉南路82号,晶楠天地_成都晶楠天地楼盘详情(成都链家新房),http://cd.fang.lianjia.com/loupan/p_jntdabbih/,40000元/平
望丛东路478号,蜀都万达广场_成都蜀都万达广场楼盘详情(成都链家新房),http://cd.fang.lianjia.com/loupan/p_sdwdgcaafog/,6500元/平
光华东三路489号,西环广场_成都西环广场楼盘详情(成都链家新房),http://cd.fang.lianjia.com/loupan/p_xhgcabdyl/,12000元/平
剑南大道南端（丽景雅筑旁）,戛纳湾金棕榈_成都戛纳湾金棕榈楼盘详情(成都链家新房),http://cd.fang.lianjia.com/loupan/p_jnwjzlaayih/,8500元/平
五津镇外西街60-68号,优品生活广场_成都优品生活广场楼盘详情(成都链家新房),http://cd.fang.lianjia.com/loupan/p_ypshgcabjwv/,15000元/平
剑南大道与牧华路交汇处（北大附中对面）,九龙仓时代上城_成都九龙仓时代上城楼盘详情(成都链家新房),http://cd.fang.lianjia.com/loupan/p_jlcsdscaacmu/,12500元/平
十二桥路29号,港泰通航大厦_成都港泰通航大厦楼盘详情(成都链家新房),http://cd.fang.lianjia.com/loupan/p_gtthdsabljm/,19500元/平
三环成金青大道狮子湖生态区入口,缤纷翡翠湾_成都缤纷翡翠湾楼盘详情(成都链家新房),http://cd.fang.lianjia.com/loupan/p_bffcwaaeho/,5000元/平
花源镇花源大道290号,万辰乐居_成都万辰乐居楼盘详情(成都链家新房),http://cd.fang.lianjia.com/loupan/p_wcljabbii/,14000元/平
公兴镇藕塘村5组,德商华府天骄_成都德商华府天骄楼盘详情(成都链家新房),http://cd.fang.lianjia.com/loupan/p_dshftjabdxl/,40000元/平
花都大道与凤凰北大街交界处（光华新城地铁4号线凤凰大道站）,蓝润光华春天_成都蓝润光华春天楼盘详情(成都链家新房),http://cd.fang.lianjia.com/loupan/p_lrghctabjvd/,32000元/平
东二环新鸿路口,恒大中央广场_成都恒大中央广场楼盘详情(成都链家新房),http://cd.fang.lianjia.com/loupan/p_hdzygcaacwb/,19000元/平
南二路北侧(党校旁),和信天骄府_成都和信天骄府楼盘详情(成都链家新房),http://cd.fang.lianjia.com/loupan/p_hxtjfablka/,23000元/平
新泰东路144号（石油大学大转盘旁）,汇景新城_成都汇景新城楼盘详情(成都链家新房),http://cd.fang.lianjia.com/loupan/p_hjxcaalju/,5600元/平
剑南大道南端（丽景雅筑旁）,戛纳湾金棕榈_成都戛纳湾金棕榈楼盘详情(成都链家新房),http://cd.fang.lianjia.com/loupan/p_jnwjzlabehj/,45000元/平
天府大道中段199号,棕榈泉费尔蒙公寓_成都棕榈泉费尔蒙公寓楼盘详情(成都链家新房),http://cd.fang.lianjia.com/loupan/p_zlqfemgyaatit/,33000元/平
日月大道1501号,万和中心_成都万和中心楼盘详情(成都链家新房),http://cd.fang.lianjia.com/loupan/p_qywhzxablko/,50000元/平
武青北路（青羊万达旁 地铁4号线出口处）,紫御熙庭_成都紫御熙庭楼盘详情(成都链家新房),http://cd.fang.lianjia.com/loupan/p_zyxtaalbg/,16000元/平
成双大道福锦路二段（簇桥工商所旁）,蓝光金悦城_成都蓝光金悦城楼盘详情(成都链家新房),http://cd.fang.lianjia.com/loupan/p_lgjyckaaetr/,13500元/平
成龙大道与银杏大道交汇处（三圣乡旁）,俊发星雅俊园_成都俊发星雅俊园楼盘详情(成都链家新房),http://cd.fang.lianjia.com/loupan/p_jfxyjyabjwp/,30000元/平
剑南大道延线（南湖公园以西）,南湖逸家二期_成都南湖逸家二期楼盘详情(成都链家新房),http://cd.fang.lianjia.com/loupan/p_nhyjabeio/,35000元/平
双华路三段(四川现代职业技术学院对面),邦泰华府公馆_成都邦泰华府公馆楼盘详情(成都链家新房),http://cd.fang.lianjia.com/loupan/p_bthfggabbig/,23000元/平
国宁东路与犀安路交汇处,万科理想城_成都万科理想城楼盘详情(成都链家新房),http://cd.fang.lianjia.com/loupan/p_wklxcaauqd/,11000元/平
益州大道和天府五街交汇处,融创NANO公馆_成都融创NANO公馆楼盘详情(成都链家新房),http://cd.fang.lianjia.com/loupan/p_rcnggaavkk/,17000元/平
吉庆三路333号,蜀都中心二期_成都蜀都中心二期楼盘详情(成都链家新房),http://cd.fang.lianjia.com/loupan/p_sdzxeqabldu/,12000元/平
国宁东路666号(成都外国语学校旁),鼎犀名城_成都鼎犀名城楼盘详情(成都链家新房),http://cd.fang.lianjia.com/loupan/p_dxmcabbjq/,30000元/平
蜀龙大道南段中央森林公园泥巴沱风景区,荣盛香堤荣府_成都荣盛香堤荣府楼盘详情(成都链家新房),http://cd.fang.lianjia.com/loupan/p_rsxdrfabjtn/,6000元/平
草金路（永康森林公园旁、江安河畔）,蜀镇_成都蜀镇楼盘详情(成都链家新房),http://cd.fang.lianjia.com/loupan/p_szabehu/,35000元/平
马超东路555号,东骏湖景湾六期_成都东骏湖景湾六期楼盘详情(成都链家新房),http://cd.fang.lianjia.com/loupan/p_djhjwaabog/,12000元/平
阳光大道89号,金山御景蓝湾_成都金山御景蓝湾楼盘详情(成都链家新房),http://cd.fang.lianjia.com/loupan/p_jsyjlwaasuz/,4600元/平
府青路二段177号,中铁二局玛塞城_成都中铁二局玛塞城楼盘详情(成都链家新房),http://cd.fang.lianjia.com/loupan/p_ztejmscabdpd/,35000元/平
金泉街道高家社区2组（金科路小学旁）,华宇西城雅郡_成都华宇西城雅郡楼盘详情(成都链家新房),http://cd.fang.lianjia.com/loupan/p_hyxcyjabbju/,43000元/平
三环路成彭立交桥外侧（欢乐谷旁）,华侨城原岸_成都华侨城原岸楼盘详情(成都链家新房),http://cd.fang.lianjia.com/loupan/p_aaelf/,12000元/平
西梨路一段（中铁奥维尔旁）,中冶中央公园_成都中冶中央公园楼盘详情(成都链家新房),http://cd.fang.lianjia.com/loupan/p_zyzygyaamyc/,5500元/平
蓉都大道绕城高速入口1公里以西（毗河畔）,香榭河畔_成都香榭河畔楼盘详情(成都链家新房),http://cd.fang.lianjia.com/loupan/p_xxhpabgit/,25000元/平
高新区中和街道新华社区二、五、六组,华润时光里_成都华润时光里楼盘详情(成都链家新房),http://cd.fang.lianjia.com/loupan/p_hrsglabbjg/,16500元/平
武阳大道二段186号,新界五期_成都新界五期楼盘详情(成都链家新房),http://cd.fang.lianjia.com/loupan/p_undefinedaawzu/,14000元/平
共和路与林泉南街交汇处,金科天宸_成都金科天宸楼盘详情(成都链家新房),http://cd.fang.lianjia.com/loupan/p_jktcabgkl/,28000元/平
金马国际体育城太极大道66号（体育城附近）,东原城_成都东原城楼盘详情(成都链家新房),http://cd.fang.lianjia.com/loupan/p_dycaadxr/,7000元/平
鹤鸣乡青云街1号,青云墅_成都青云墅楼盘详情(成都链家新房),http://cd.fang.lianjia.com/loupan/p_qysabekr/,6530元/平
同安街道办事处阳光大道8号(博瑞花园酒店对面),昂世半山观邸_成都昂世半山观邸楼盘详情(成都链家新房),http://cd.fang.lianjia.com/loupan/p_asbsgdaatyw/,12000元/平
阳光城幸福大道,林溪康城_成都林溪康城楼盘详情(成都链家新房),http://cd.fang.lianjia.com/loupan/p_lxkcaalhw/,6500元/平
华府大道三段300号（省武警警官学院旁）,棠湖泊林城_成都棠湖泊林城楼盘详情(成都链家新房),http://cd.fang.lianjia.com/loupan/p_thblcaaehc/,330万/套
麓山大道二段（新元素奥迪旗舰店旁）,中德麓府_成都中德麓府楼盘详情(成都链家新房),http://cd.fang.lianjia.com/loupan/p_zdlfabgki/,21000元/平
晋原镇温泉路201号（家乐福对面）,凯蒂凯旋城三期_成都凯蒂凯旋城三期楼盘详情(成都链家新房),http://cd.fang.lianjia.com/loupan/p_kdkxcsqabejs/,4500元/平
新成华大道三段与东华一路交汇口,中国铁建广场_成都中国铁建广场楼盘详情(成都链家新房),http://cd.fang.lianjia.com/loupan/p_zgtjgcaases/,9500元/平
西一环三段5号（地铁中医附院战D出口200米处）,桔子国际_成都桔子国际楼盘详情(成都链家新房),http://cd.fang.lianjia.com/loupan/p_jzgjabbjj/,60000元/平
广场路（技师学院对面）,同森锦熙_成都同森锦熙楼盘详情(成都链家新房),http://cd.fang.lianjia.com/loupan/p_tsjxaarwl/,6900元/平
上南街10号,我的大学_成都我的大学楼盘详情(成都链家新房),http://cd.fang.lianjia.com/loupan/p_wddxabgir/,20000元/平
洞子口蓉北商贸大道和平路2号,天悦汇_成都天悦汇楼盘详情(成都链家新房),http://cd.fang.lianjia.com/loupan/p_tyhabaqe/,7800元/平
益州大道中段699号（天府一街与天府二街之间）,香月湖_成都香月湖楼盘详情(成都链家新房),http://cd.fang.lianjia.com/loupan/p_ljxycaatzr/,24000元/平
建设巷13号,太阳公元_成都太阳公元楼盘详情(成都链家新房),http://cd.fang.lianjia.com/loupan/p_tygyaaejd/,19000元/平
东大街锦东路（牛市口派出所旁）,九龙仓擎天半岛_成都九龙仓擎天半岛楼盘详情(成都链家新房),http://cd.fang.lianjia.com/loupan/p_jlcqtbdaaccv/,21000元/平
九里堤北路88号,电建地产洺悦府_成都电建地产洺悦府楼盘详情(成都链家新房),http://cd.fang.lianjia.com/loupan/p_djdcmyfabemb/,13000元/平
北星大道二段757号,鑫北广场_成都鑫北广场楼盘详情(成都链家新房),http://cd.fang.lianjia.com/loupan/p_xbgcabajz/,6500元/平
警校路与剑南大道交汇处,金华壹号_成都金华壹号楼盘详情(成都链家新房),http://cd.fang.lianjia.com/loupan/p_jhyhabgkh/,25000元/平
郫县红光镇港通工业区1519欧陆城邦,蓉树园_成都蓉树园楼盘详情(成都链家新房),http://cd.fang.lianjia.com/loupan/p_rsyaaedu/,8500元/平
新都大丰蓉北路二段（永和路与成彭路交汇处）,圣迈德广场_成都圣迈德广场楼盘详情(成都链家新房),http://cd.fang.lianjia.com/loupan/p_smdgcaaxam/,6800元/平
汇源北路333号,中粮鸿云_成都中粮鸿云楼盘详情(成都链家新房),http://cd.fang.lianjia.com/loupan/p_zlhyabfbj/,61900元/平
新华公园旁小龙桥路30号,中海新华府_成都中海新华府楼盘详情(成都链家新房),http://cd.fang.lianjia.com/loupan/p_zhxhfaaquk/,16000元/平
光华大道三段清泉北街江安路,佳年华新生活_成都佳年华新生活楼盘详情(成都链家新房),http://cd.fang.lianjia.com/loupan/p_jnhxshabfle/,27000元/平
人民南路南延线麓山大道（成都实验外国语旁）,三利麓山城_成都三利麓山城楼盘详情(成都链家新房),http://cd.fang.lianjia.com/loupan/p_sllscabgkf/,30000元/平
迎晖路6号,信和御龙山二期_成都信和御龙山二期楼盘详情(成都链家新房),http://cd.fang.lianjia.com/loupan/p_xhylseqabask/,20000元/平
草市街38号,城置尚豪庭_成都城置尚豪庭楼盘详情(成都链家新房),http://cd.fang.lianjia.com/loupan/p_czshtabbjm/,70000元/平
正通路(社保局对面),金座威尼谷_成都金座威尼谷楼盘详情(成都链家新房),http://cd.fang.lianjia.com/loupan/p_jzwngaabue/,9500元/平
琉璃路123号,中港央湖明邸二期_成都中港央湖明邸二期楼盘详情(成都链家新房),http://cd.fang.lianjia.com/loupan/p_zgyhmdaaylg/,20000元/平
北星大道方元路与新水碾路交汇处,龙湖听蓝湾_成都龙湖听蓝湾楼盘详情(成都链家新房),http://cd.fang.lianjia.com/loupan/p_lhtlwabfbf/,170万/套
望丛东路478号,蜀都万达广场_成都蜀都万达广场楼盘详情(成都链家新房),http://cd.fang.lianjia.com/loupan/p_sdwdgcabfld/,80000元/平
成龙路与银杏大道交汇处,蓝润锦江春天_成都蓝润锦江春天楼盘详情(成都链家新房),http://cd.fang.lianjia.com/loupan/p_lrjjctaawvq/,16000元/平
二环路东二段6号附13,汇富大厦_成都汇富大厦楼盘详情(成都链家新房),http://cd.fang.lianjia.com/loupan/p_hfdsaatec/,10500元/平
驿都大道北海亮彩悦府,海亮彩悦府_成都海亮彩悦府楼盘详情(成都链家新房),http://cd.fang.lianjia.com/loupan/p_hlcyfabbiw/,30000元/平
双楠大道航都大街99号（香榭美邻二期旁）,国奥村_成都国奥村楼盘详情(成都链家新房),http://cd.fang.lianjia.com/loupan/p_gacaaasf/,240万/套
科锦路355号（川农大旁）,锦汇城_成都锦汇城楼盘详情(成都链家新房),http://cd.fang.lianjia.com/loupan/p_jhcaaljp/,5000元/平
天府大道南段海昌北路109号（极地海洋世界北侧）,金地天府城_成都金地天府城楼盘详情(成都链家新房),http://cd.fang.lianjia.com/loupan/p_jdtfcaaasn/,14000元/平
东三环二段与龙潭E线交汇处（三环路内侧）,电建地产美立方_成都电建地产美立方楼盘详情(成都链家新房),http://cd.fang.lianjia.com/loupan/p_djdcmlfabbiv/,13000元/平
北星大道二段757号,鑫北广场_成都鑫北广场楼盘详情(成都链家新房),http://cd.fang.lianjia.com/loupan/p_xbgcabflf/,19000元/平
东升街道银河路2222号（双流规划展览馆对面）,贵通御苑映月湾_成都贵通御苑映月湾楼盘详情(成都链家新房),http://cd.fang.lianjia.com/loupan/p_gtyyyywaaktf/,8500元/平
柳城街办学海路399号,新尚天地_成都新尚天地楼盘详情(成都链家新房),http://cd.fang.lianjia.com/loupan/p_xstdabgke/,40000元/平
光华大道三段临温泉大道路口（4号线西部新城西站）,星光华印象_成都星光华印象楼盘详情(成都链家新房),http://cd.fang.lianjia.com/loupan/p_xghyxaaaro/,6500元/平
东丽街与东紫路交汇处（动物园东大门）,青龙广场_成都青龙广场楼盘详情(成都链家新房),http://cd.fang.lianjia.com/loupan/p_qlgcaawnv/,10200元/平
南湖风景区南岸河滨路中段（二江寺水文化主题游园旁）,天府美岸_成都天府美岸楼盘详情(成都链家新房),http://cd.fang.lianjia.com/loupan/p_tfmaaakxl/,14500元/平
龙灯山路381号,鸿阁一号_成都鸿阁一号楼盘详情(成都链家新房),http://cd.fang.lianjia.com/loupan/p_jyhgyhabeve/,13000元/平
花都大道与凤凰北大街交界处（光华新城地铁4号线凤凰大道站）,蓝润光华春天_成都蓝润光华春天楼盘详情(成都链家新房),http://cd.fang.lianjia.com/loupan/p_lrghctaactq/,7800元/平
成华区青龙街道白莲池苗圃基地（熊猫大道北富森美旁）,融创凯旋公馆_成都融创凯旋公馆楼盘详情(成都链家新房),http://cd.fang.lianjia.com/loupan/p_thkxggabflr/,12000元/平
花牌坊北街99号,西锦国际二期_成都西锦国际二期楼盘详情(成都链家新房),http://cd.fang.lianjia.com/loupan/p_xjgjeqabbiu/,24000元/平
红光镇高店路西段226号,百维广场_成都百维广场楼盘详情(成都链家新房),http://cd.fang.lianjia.com/loupan/p_bwgcaavkm/,13000元/平
同兴东路399号,珠江青云台_成都珠江青云台楼盘详情(成都链家新房),http://cd.fang.lianjia.com/loupan/p_zjqytaaaru/,7000元/平
华阳街道一心村二、五组，鹤林村四组,德商御府天骄_成都德商御府天骄楼盘详情(成都链家新房),http://cd.fang.lianjia.com/loupan/p_dsyftjabgkd/,30000元/平
东升街道三强北路三段59号,正昌幸福岭_成都正昌幸福岭楼盘详情(成都链家新房),http://cd.fang.lianjia.com/loupan/p_zcxflaakxe/,6000元/平
翡翠南路133号,保利拉斐公馆_成都保利拉斐公馆楼盘详情(成都链家新房),http://cd.fang.lianjia.com/loupan/p_bllfggaamhr/,7200元/平
华府大道三段919号,万锦城_成都万锦城楼盘详情(成都链家新房),http://cd.fang.lianjia.com/loupan/p_wjcaatld/,11000元/平
成龙大道成简快速路口,东山国际君度半山_成都东山国际君度半山楼盘详情(成都链家新房),http://cd.fang.lianjia.com/loupan/p_dsgjjdbsaapxw/,500万/套
东升街道迎春桥社区（航都大道和商都路交汇）,景茂名都东郡_成都景茂名都东郡楼盘详情(成都链家新房),http://cd.fang.lianjia.com/loupan/p_jmmddjabgmd/,30000元/平
犀浦万福路96号,西岸翠景_成都西岸翠景楼盘详情(成都链家新房),http://cd.fang.lianjia.com/loupan/p_xacjaawpc/,7200元/平
柳城街办学海路399号,新尚天地_成都新尚天地楼盘详情(成都链家新房),http://cd.fang.lianjia.com/loupan/p_xstdaaywq/,5700元/平
望从东路308号,一里阳光_成都一里阳光楼盘详情(成都链家新房),http://cd.fang.lianjia.com/loupan/p_ylygaaesm/,6100元/平
青台山村五组首创万卷山,首创万卷山_成都首创万卷山楼盘详情(成都链家新房),http://cd.fang.lianjia.com/loupan/p_scwjsaabyg/,5700元/平
天府三街1599号（天府三街与南华路交汇处）,大源欢乐颂_成都大源欢乐颂楼盘详情(成都链家新房),http://cd.fang.lianjia.com/loupan/p_dyhlsabgkc/,30000元/平
龙泉驿龙工北路南侧,皇冠湖壹号二期_成都皇冠湖壹号二期楼盘详情(成都链家新房),http://cd.fang.lianjia.com/loupan/p_hghyheqabesy/,12000元/平
红光镇高店路西段226号,百维广场_成都百维广场楼盘详情(成都链家新房),http://cd.fang.lianjia.com/loupan/p_bwgcabbki/,20000元/平
红光镇高店路西段226号,百维广场_成都百维广场楼盘详情(成都链家新房),http://cd.fang.lianjia.com/loupan/p_bwgcaavkl/,8800元/平
武侯大道文昌段与新机场路的交汇处（中天物流园旁）,时代锦绣_成都时代锦绣楼盘详情(成都链家新房),http://cd.fang.lianjia.com/loupan/p_sdjxaaxmr/,50000元/平
大面街道车城西三路以西、经开区南一路以南(川师成龙校区旁）,保利紫薇花语_成都保利紫薇花语楼盘详情(成都链家新房),http://cd.fang.lianjia.com/loupan/p_blzwhyabfcv/,40000元/平
峨眉山路369号,佳年华广场一期_成都佳年华广场一期楼盘详情(成都链家新房),http://cd.fang.lianjia.com/loupan/p_jnhgcaatma/,11800元/平
双楠大道银河路160号（双流运动公园旁）,北京城建龙樾湾_成都北京城建龙樾湾楼盘详情(成都链家新房),http://cd.fang.lianjia.com/loupan/p_bjcjlywaaeux/,8000元/平
成龙大道二段与金枫路交汇处（川师成龙校区西侧）,华润国际社区_成都华润国际社区楼盘详情(成都链家新房),http://cd.fang.lianjia.com/loupan/p_hrgjsqabfbu/,23000元/平
龙潭寺龙井路6号（三环外侧桂林小学旁边）,绿地悦蓉公馆_成都绿地悦蓉公馆楼盘详情(成都链家新房),http://cd.fang.lianjia.com/loupan/p_ldyrggaazbw/,9900元/平
龙泉驿区成龙大道二段（川师成龙校区旁）,凯德卓锦万黛_成都凯德卓锦万黛楼盘详情(成都链家新房),http://cd.fang.lianjia.com/loupan/p_kdzjwdaabnr/,6300元/平
光华大道三段南侧花土路936号（地铁四号线凤凰大街站旁）,中国西部文化城_成都中国西部文化城楼盘详情(成都链家新房),http://cd.fang.lianjia.com/loupan/p_zgxbwhcaakqe/,6500元/平
高新西区合作路89号,龙湖时代天街_成都龙湖时代天街楼盘详情(成都链家新房),http://cd.fang.lianjia.com/loupan/p_lhsdtjabbkj/,30000元/平
西华街道侯家桥路288号（西华大道与侯家桥路交汇处）,中粮祥云里_成都中粮祥云里楼盘详情(成都链家新房),http://cd.fang.lianjia.com/loupan/p_zlxylaayfo/,12500元/平
繁川家具大道957号（好风景家私旁）,美林国际社区_成都美林国际社区楼盘详情(成都链家新房),http://cd.fang.lianjia.com/loupan/p_mlgjsqabalr/,9000元/平
新都绕城与育英路交汇处（中国成都五龙山公园旁）,润扬观澜鹭岛_成都润扬观澜鹭岛楼盘详情(成都链家新房),http://cd.fang.lianjia.com/loupan/p_ryglldaaeed/,8800元/平
南湖西侧（剑南大道旁边）,中信城右岸_成都中信城右岸楼盘详情(成都链家新房),http://cd.fang.lianjia.com/loupan/p_zhyaabfaf/,37000元/平
泰兴镇白鹤岛风景区（新石路与成金青交汇处）,恒大上林苑_成都恒大上林苑楼盘详情(成都链家新房),http://cd.fang.lianjia.com/loupan/p_hdslyaazdj/,7700元/平
交子大道南沿线228号,誉峰_成都誉峰楼盘详情(成都链家新房),http://cd.fang.lianjia.com/loupan/p_yfaayxk/,18888元/平
成华区圣地亚家居斜对面,金科星耀天都_成都金科星耀天都楼盘详情(成都链家新房),http://cd.fang.lianjia.com/loupan/p_jkxytdaaxay/,12500元/平
中环锦绣大道菱窠路口华润凯旋天地,华润凯旋天地_成都华润凯旋天地楼盘详情(成都链家新房),http://cd.fang.lianjia.com/loupan/p_hrkxtdabfae/,37000元/平
双楠大道与白衣上街交界处（蛟龙紫荆电影院对面）,贵通御苑雙楠城_成都贵通御苑雙楠城楼盘详情(成都链家新房),http://cd.fang.lianjia.com/loupan/p_gtyysncaalvb/,8000元/平
天府三街1599号（天府三街与南华路交汇处）,大源欢乐颂_成都大源欢乐颂楼盘详情(成都链家新房),http://cd.fang.lianjia.com/loupan/p_dyhlsaayxm/,16000元/平
西三环金牛大道金周路交汇处(金牛中学旁),保利学府城_成都保利学府城楼盘详情(成都链家新房),http://cd.fang.lianjia.com/loupan/p_blxfcaaynt/,410万/套
万科路东段荣盛紫提东郡,荣盛紫提东郡_成都荣盛紫提东郡楼盘详情(成都链家新房),http://cd.fang.lianjia.com/loupan/p_rsztdjabfat/,30000元/平
牧马山新城区云岭路（国际高尔夫球场对面）,萨尔茨堡_成都萨尔茨堡楼盘详情(成都链家新房),http://cd.fang.lianjia.com/loupan/p_secbaalyf/,13500元/平
江陵路335号,爵领欧城_成都爵领欧城楼盘详情(成都链家新房),http://cd.fang.lianjia.com/loupan/p_jlocaawvn/,7000元/平
成龙大道川师成龙校区旁,龙湖三千庭_成都龙湖三千庭楼盘详情(成都链家新房),http://cd.fang.lianjia.com/loupan/p_lhsqtaaqud/,14000元/平
龙潭立交外路桂林西路（龙潭路与桂林西路交汇处）,华宇旭辉锦绣花城_成都华宇旭辉锦绣花城楼盘详情(成都链家新房),http://cd.fang.lianjia.com/loupan/p_hyxhjxhcabjxa/,11000元/平
剑南大道中段(成都七中旁),清凤时代城_成都清凤时代城楼盘详情(成都链家新房),http://cd.fang.lianjia.com/loupan/p_qfsdcaarta/,60000元/平
西三环武侯大道万兴路与福锦路交汇处,保利花园五期悦榕郡_成都保利花园五期悦榕郡楼盘详情(成都链家新房),http://cd.fang.lianjia.com/loupan/p_blhywqyrjabevi/,30000元/平
五津五河路15号（新津老南桥与步行桥之间）,枫山美地_成都枫山美地楼盘详情(成都链家新房),http://cd.fang.lianjia.com/loupan/p_fsmdwjsaaypk/,260万/套
光华大道三段清泉北街江安路,佳年华新生活_成都佳年华新生活楼盘详情(成都链家新房),http://cd.fang.lianjia.com/loupan/p_jnhxshkaafcl/,8600元/平
金堂县新城区滨江路2段369号(金沙街农民工博物馆对面),城投润城_成都城投润城楼盘详情(成都链家新房),http://cd.fang.lianjia.com/loupan/p_ctrcaaeve/,3850元/平
新都蜀龙大道三河场段（保利公园198旁）,莱茵北郡三期_成都莱茵北郡三期楼盘详情(成都链家新房),http://cd.fang.lianjia.com/loupan/p_lybjaaarx/,6100元/平
大邑大道268号,祥荣城市绿洲二期_成都祥荣城市绿洲二期楼盘详情(成都链家新房),http://cd.fang.lianjia.com/loupan/p_xrcslzeqabjtt/,28000元/平
牧马山大件路1089号,华新锦绣尚郡_成都华新锦绣尚郡楼盘详情(成都链家新房),http://cd.fang.lianjia.com/loupan/p_hxjxsjaawtc/,15000元/平
花源镇兴普大道,丽都佳苑_成都丽都佳苑楼盘详情(成都链家新房),http://cd.fang.lianjia.com/loupan/p_ldjyabetz/,7200元/平
新繁镇高墙村（滨江北路北侧）,龙湖尚城_成都龙湖尚城楼盘详情(成都链家新房),http://cd.fang.lianjia.com/loupan/p_lhscaaljt/,5200元/平
致力东街领地海纳时代,领地海纳时代_成都领地海纳时代楼盘详情(成都链家新房),http://cd.fang.lianjia.com/loupan/p_ldhnsdaaeip/,12000元/平
新都大道（成都医学院旁）,和信香榭澜郡_成都和信香榭澜郡楼盘详情(成都链家新房),http://cd.fang.lianjia.com/loupan/p_hxxxljaawwb/,6800元/平
天府大道666号,希顿国际广场_成都希顿国际广场楼盘详情(成都链家新房),http://cd.fang.lianjia.com/loupan/p_xdgjgcaaqwh/,14000元/平
新繁镇文庙街88号,东湖郡_成都东湖郡楼盘详情(成都链家新房),http://cd.fang.lianjia.com/loupan/p_dhjaaxar/,4500元/平
2.5环内昭觉寺横路（中国电信旁）,泛悦城市广场_成都泛悦城市广场楼盘详情(成都链家新房),http://cd.fang.lianjia.com/loupan/p_fycsgcaapwq/,12000元/平
成龙大道与银杏大道交汇处（三圣乡旁）,俊发星雅俊园_成都俊发星雅俊园楼盘详情(成都链家新房),http://cd.fang.lianjia.com/loupan/p_jfxyjyabjws/,30000元/平
鑫玉大道426号,武海中华青城_成都武海中华青城楼盘详情(成都链家新房),http://cd.fang.lianjia.com/loupan/p_whzhqcaayop/,12000元/平
红牌楼北街东侧与二环路交汇处（近丽都花园）,营盛大厦_成都营盛大厦楼盘详情(成都链家新房),http://cd.fang.lianjia.com/loupan/p_ysszzaarxj/,12300元/平
铁军路588号（外江大桥与玉府路交叉口）,万达城_成都万达城楼盘详情(成都链家新房),http://cd.fang.lianjia.com/loupan/p_wdcaasjw/,160万/套
驿都大道北海亮彩悦府,海亮彩悦府_成都海亮彩悦府楼盘详情(成都链家新房),http://cd.fang.lianjia.com/loupan/p_hlcyfaacve/,12000元/平
金堂县金山路1号（金中外实校侧）,鹭山湾_成都鹭山湾楼盘详情(成都链家新房),http://cd.fang.lianjia.com/loupan/p_lswabjyh/,6000元/平
金科南路（地铁2号线金科北路A出口500米）,保利国宾首府_成都保利国宾首府楼盘详情(成都链家新房),http://cd.fang.lianjia.com/loupan/p_blgbsfaasis/,11500元/平
凤凰西六路28号,瀚城国际_成都瀚城国际楼盘详情(成都链家新房),http://cd.fang.lianjia.com/loupan/p_hcgjabbcv/,5500元/平
公园路258号,东麓驿境四期_成都东麓驿境四期楼盘详情(成都链家新房),http://cd.fang.lianjia.com/loupan/p_dlyjsqaayzn/,15000元/平
沈阳路（万安体育公园前行500米）,枫丹铂麓_成都枫丹铂麓楼盘详情(成都链家新房),http://cd.fang.lianjia.com/loupan/p_fdblabhib/,12000元/平
天府南华路与天府三街交汇处（高新青年公寓对面）,一品CG_成都一品CG楼盘详情(成都链家新房),http://cd.fang.lianjia.com/loupan/p_ypjtfabgic/,40000元/平
新成彭路大天路出口左侧,融创凯旋东岸_成都融创凯旋东岸楼盘详情(成都链家新房),http://cd.fang.lianjia.com/loupan/p_rckxdaaatqj/,9000元/平
鹃兴路729号,中航城_成都中航城楼盘详情(成都链家新房),http://cd.fang.lianjia.com/loupan/p_zhcaaqvy/,8000元/平
武汉路918号（乐盟国际学校旁）,融创玖棠府_成都融创玖棠府楼盘详情(成都链家新房),http://cd.fang.lianjia.com/loupan/p_rcjtfabjzm/,别名/麓湖之春花园
公兴镇藕塘村5组,德商华府天骄_成都德商华府天骄楼盘详情(成都链家新房),http://cd.fang.lianjia.com/loupan/p_dshftjaatel/,40000元/平
天府新区华阳剑南大道南段1407号,蜀南春郡_成都蜀南春郡楼盘详情(成都链家新房),http://cd.fang.lianjia.com/loupan/p_sncjdylabhdr/,9800元/平
新都蓉都大道北一段（新都四中旁）,新都城市之心_成都新都城市之心楼盘详情(成都链家新房),http://cd.fang.lianjia.com/loupan/p_xdcszxabgig/,40000元/平
学苑路456号（大弯中学旁边）,广泽长河郡_成都广泽长河郡楼盘详情(成都链家新房),http://cd.fang.lianjia.com/loupan/p_chjabbco/,4222元/平
驷马桥洪山路28号,北城鑫街_成都北城鑫街楼盘详情(成都链家新房),http://cd.fang.lianjia.com/loupan/p_bcxjaatjj/,8500元/平
龙桥镇南街（老加油站斜对面）,盛世华庭_成都盛世华庭楼盘详情(成都链家新房),http://cd.fang.lianjia.com/loupan/p_sshtabgin/,16000元/平
栖凤街53号,瑞居海布斯卡一期_成都瑞居海布斯卡一期楼盘详情(成都链家新房),http://cd.fang.lianjia.com/loupan/p_rjhbskyqabbfb/,3900元/平
凤凰大道2段699号,公园世家_成都公园世家楼盘详情(成都链家新房),http://cd.fang.lianjia.com/loupan/p_gysjabbfa/,4500元/平
丽都路700号（置信丽都花园丽府对面）,中环丰锦_成都中环丰锦楼盘详情(成都链家新房),http://cd.fang.lianjia.com/loupan/p_zhfjaakke/,20000元/平
顺城大街316号,融城云熙_成都融城云熙楼盘详情(成都链家新房),http://cd.fang.lianjia.com/loupan/p_dygjaaehl/,16000元/平
繁崇路198号（锦绣广场对面）,欧尚花园_成都欧尚花园楼盘详情(成都链家新房),http://cd.fang.lianjia.com/loupan/p_oshyabitd/,5000元/平
簇锦街办铁佛村3、8组(武侯大道铁佛段与金履路交汇处),西派城_成都西派城楼盘详情(成都链家新房),http://cd.fang.lianjia.com/loupan/p_xpcaaupw/,20000元/平
金河路与西安路交汇处（凤翔湖旁）,北大资源公园1898_成都北大资源公园1898楼盘详情(成都链家新房),http://cd.fang.lianjia.com/loupan/p_bdzygyabgkz/,25000元/平
一环路内侧与蜀都大道交界处,未来中心_成都未来中心楼盘详情(成都链家新房),http://cd.fang.lianjia.com/loupan/p_wlzxaavdy/,19800元/平
兴城大道777号,富力桃园C区_成都富力桃园C区楼盘详情(成都链家新房),http://cd.fang.lianjia.com/loupan/p_fltyaaeit/,8500元/平
日月大道与武青北路交汇处,成都青羊万达广场_成都成都青羊万达广场楼盘详情(成都链家新房),http://cd.fang.lianjia.com/loupan/p_cdqywdgcabgmi/,60000元/平
东二环建设路（沙河公园内大蓉和旁）,保利康桥_成都保利康桥楼盘详情(成都链家新房),http://cd.fang.lianjia.com/loupan/p_blkqaacxk/,16000元/平
同安镇阳光城阳光大道138号,中粮御嶺湾_成都中粮御嶺湾楼盘详情(成都链家新房),http://cd.fang.lianjia.com/loupan/p_zlywaafga/,763万/套
青龙巷28号,泰业城中城大厦_成都泰业城中城大厦楼盘详情(成都链家新房),http://cd.fang.lianjia.com/loupan/p_tyczcdsabgjm/,14000元/平
金堂县三星镇天星路559号,和裕印象_成都和裕印象楼盘详情(成都链家新房),http://cd.fang.lianjia.com/loupan/p_hyyxabdka/,4600元/平
西三环路三段草金立交内侧万顺二路155号,金阳不夜都_成都金阳不夜都楼盘详情(成都链家新房),http://cd.fang.lianjia.com/loupan/p_jybydabdbi/,38000元/平
大面街道天鹅西湖南路899号,百悦城云景_成都百悦城云景楼盘详情(成都链家新房),http://cd.fang.lianjia.com/loupan/p_bycyjabcxf/,30000元/平
阳光城幸福大道333号,华府幸福城_成都华府幸福城楼盘详情(成都链家新房),http://cd.fang.lianjia.com/loupan/p_hfxfcabcwz/,30000元/平
长青路88号,金美国际_成都金美国际楼盘详情(成都链家新房),http://cd.fang.lianjia.com/loupan/p_jmgjabisw/,9500元/平
金泉街道高家社区2组（金科路小学旁）,华宇西城雅郡_成都华宇西城雅郡楼盘详情(成都链家新房),http://cd.fang.lianjia.com/loupan/p_hyxcyjabdqv/,30000元/平
友爱镇平安路6号（成灌高速石家桥出口500米）,桂溪欧苑_成都桂溪欧苑楼盘详情(成都链家新房),http://cd.fang.lianjia.com/loupan/p_gxoyabdsp/,7800元/平
天府四街134号,仁美大源印象_成都仁美大源印象楼盘详情(成都链家新房),http://cd.fang.lianjia.com/loupan/p_rmdyyxabdit/,46000元/平
东大路与静康路交汇处,华宇广场_成都华宇广场楼盘详情(成都链家新房),http://cd.fang.lianjia.com/loupan/p_hygcabdfu/,45000元/平
万福一路西（成灌快铁犀浦东站旁）,天璟荟_成都天璟荟楼盘详情(成都链家新房),http://cd.fang.lianjia.com/loupan/p_tjhabkal/,11500元/平
武侯大道文昌段与新机场路的交汇处（中天物流园旁）,时代锦绣_成都时代锦绣楼盘详情(成都链家新房),http://cd.fang.lianjia.com/loupan/p_sdjxabjzk/,30000元/平
遵义路6号,汇金商务大厦_成都汇金商务大厦楼盘详情(成都链家新房),http://cd.fang.lianjia.com/loupan/p_hjswdsabjkf/,5600元/平
成都市新都区兴城大道1955号,创想大厦_成都创想大厦楼盘详情(成都链家新房),http://cd.fang.lianjia.com/loupan/p_cxdsabjgs/,5980元/平
光华大道同兴东路,佳兆业丽晶公馆_成都佳兆业丽晶公馆楼盘详情(成都链家新房),http://cd.fang.lianjia.com/loupan/p_jzyljggabflq/,22000元/平
西河镇成洛大道（华新职业学院旁）,昊园江南壹品_成都昊园江南壹品楼盘详情(成都链家新房),http://cd.fang.lianjia.com/loupan/p_hyjnypaabst/,5800元/平
红光镇港通北一路567号,中铁西郡英华三期_成都中铁西郡英华三期楼盘详情(成都链家新房),http://cd.fang.lianjia.com/loupan/p_ztxjyhsqabflp/,50000元/平
龙桥渭水社区老成彭路,蓉垚北尚城_成都蓉垚北尚城楼盘详情(成都链家新房),http://cd.fang.lianjia.com/loupan/p_rybscaakuj/,5000元/平
空港一路一段189号（空港一路一段与文星正街交汇处）,合力达卓越南城_成都合力达卓越南城楼盘详情(成都链家新房),http://cd.fang.lianjia.com/loupan/p_hldzyncaasdh/,7500元/平
新都蜀龙大道三河场段（保利公园198旁）,莱茵北郡三期_成都莱茵北郡三期楼盘详情(成都链家新房),http://cd.fang.lianjia.com/loupan/p_lybjsqabgik/,9000元/平
成华区中环路锦绣大道段4599号,荣盛香榭兰庭二期_成都荣盛香榭兰庭二期楼盘详情(成都链家新房),http://cd.fang.lianjia.com/loupan/p_rsxxlteqabirg/,30000元/平
龙秀路89号,万科五龙山蓝山别墅_成都万科五龙山蓝山别墅楼盘详情(成都链家新房),http://cd.fang.lianjia.com/loupan/p_wkwlslsbsaayip/,450万/套
益州大道中段699号（天府一街与天府二街之间）,香月湖_成都香月湖楼盘详情(成都链家新房),http://cd.fang.lianjia.com/loupan/p_ljxycaayxr/,24000元/平
成都高新南区新成仁路与新川大道交汇处（新川之心中央公园旁）,融创香璟台二期_成都融创香璟台二期楼盘详情(成都链家新房),http://cd.fang.lianjia.com/loupan/p_rcxjtabirn/,14000元/平
经华北路19号附6号（双桥子北京华联对面）,成发紫东阳光_成都成发紫东阳光楼盘详情(成都链家新房),http://cd.fang.lianjia.com/loupan/p_cfzdygabdip/,36000元/平
仁寿县视高镇花海大道一段3号,西蜀桦苑_成都西蜀桦苑楼盘详情(成都链家新房),http://cd.fang.lianjia.com/loupan/p_xshyabimk/,9000元/平
天回镇街道木龙湾社区9、10组,华润龙湾御府_成都华润龙湾御府楼盘详情(成都链家新房),http://cd.fang.lianjia.com/loupan/p_hrlwyfabilx/,9900元/平
茶花街106号,锦江逸家_成都锦江逸家楼盘详情(成都链家新房),http://cd.fang.lianjia.com/loupan/p_jjyjabdia/,42000元/平
地铁二号线洪河地铁A1出口,绿地中心468星朗_成都绿地中心468星朗楼盘详情(成都链家新房),http://cd.fang.lianjia.com/loupan/p_ldzxabivr/,13000元/平
南熏大道二段875号（南熏大道和柳林路交汇处）,积家御景_成都积家御景楼盘详情(成都链家新房),http://cd.fang.lianjia.com/loupan/p_jjyjabdgi/,30000元/平
仁寿县清水镇清西街派出所后,蜀冠欧洲新城_成都蜀冠欧洲新城楼盘详情(成都链家新房),http://cd.fang.lianjia.com/loupan/p_sgozxcabitm/,4700元/平
二环路东二段29号,SM锦悦_成都SM锦悦楼盘详情(成都链家新房),http://cd.fang.lianjia.com/loupan/p_sjyabhzp/,13376元/平
西二环子云路,龙湖紫宸_成都龙湖紫宸楼盘详情(成都链家新房),http://cd.fang.lianjia.com/loupan/p_lhzcabico/,12000元/平
新津县瑞通路138号,时代广场_成都时代广场楼盘详情(成都链家新房),http://cd.fang.lianjia.com/loupan/p_sdgcabikr/,5800元/平
东大街与长清路交汇处（郫筒二小旁）,保利熙公馆_成都保利熙公馆楼盘详情(成都链家新房),http://cd.fang.lianjia.com/loupan/p_blxggabiki/,8000元/平
北星大道与大天路交汇处,保利大都汇_成都保利大都汇楼盘详情(成都链家新房),http://cd.fang.lianjia.com/loupan/p_blddhaasgm/,10500元/平
北星大道与甫家二路东段交汇处,保利爱尚里_成都保利爱尚里楼盘详情(成都链家新房),http://cd.fang.lianjia.com/loupan/p_blaslaarih/,10000元/平
工业大道393号,麦田国际社区_成都麦田国际社区楼盘详情(成都链家新房),http://cd.fang.lianjia.com/loupan/p_mtgjsqaampd/,6200元/平
兴园3路6号,隆鑫印象城邦_成都隆鑫印象城邦楼盘详情(成都链家新房),http://cd.fang.lianjia.com/loupan/p_lxyxcbaabul/,4600元/平
政通东路369号（温泉大道与花土路交汇处）,金恒德时代金悦_成都金恒德时代金悦楼盘详情(成都链家新房),http://cd.fang.lianjia.com/loupan/p_jhdsdjyaaelm/,8500元/平
成华二环路东一段内侧（距离桃蹊路口站30米）,首创天禧68_成都首创天禧68楼盘详情(成都链家新房),http://cd.fang.lianjia.com/loupan/p_sctxaakmi/,15500元/平
五块石玉居庵东路116号（红旗连锁旁）,中铁瑞景汇中心_成都中铁瑞景汇中心楼盘详情(成都链家新房),http://cd.fang.lianjia.com/loupan/p_ztrjhzxaalow/,10000元/平
光华大道同兴东路,佳兆业丽晶公馆_成都佳兆业丽晶公馆楼盘详情(成都链家新房),http://cd.fang.lianjia.com/loupan/p_jzyljggaalrm/,7000元/平
